[     501ms] [INFO] %cDownload the React DevTools for a better development experience: https://react.dev/link/react-devtools font-weight:bold @ http://localhost:3001/_next/static/chunks/node_modules_next_dist_1e8vcs8._.js:776
[     554ms] [LOG] [HMR] connected @ http://localhost:3001/_next/static/chunks/node_modules_next_dist_1e8vcs8._.js:776
[   83202ms] [LOG] [Fast Refresh] rebuilding @ http://localhost:3001/_next/static/chunks/node_modules_next_dist_1e8vcs8._.js:776
[   83268ms] [LOG] [Fast Refresh] done in 167ms @ http://localhost:3001/_next/static/chunks/node_modules_next_dist_1e8vcs8._.js:776
[  109045ms] [LOG] [Fast Refresh] rebuilding @ http://localhost:3001/_next/static/chunks/node_modules_next_dist_1e8vcs8._.js:776
[  109061ms] [LOG] [Fast Refresh] done in 119ms @ http://localhost:3001/_next/static/chunks/node_modules_next_dist_1e8vcs8._.js:776
[  109449ms] [LOG] [Fast Refresh] rebuilding @ http://localhost:3001/_next/static/chunks/node_modules_next_dist_1e8vcs8._.js:776
[  109476ms] [LOG] [Fast Refresh] done in 134ms @ http://localhost:3001/_next/static/chunks/node_modules_next_dist_1e8vcs8._.js:776
[  112766ms] [LOG] [Fast Refresh] rebuilding @ http://localhost:3001/_next/static/chunks/node_modules_next_dist_1e8vcs8._.js:776
[  112812ms] [LOG] [Fast Refresh] done in 151ms @ http://localhost:3001/_next/static/chunks/node_modules_next_dist_1e8vcs8._.js:776
[  116949ms] [LOG] [Fast Refresh] rebuilding @ http://localhost:3001/_next/static/chunks/node_modules_next_dist_1e8vcs8._.js:776
[  116975ms] [LOG] [Fast Refresh] done in 138ms @ http://localhost:3001/_next/static/chunks/node_modules_next_dist_1e8vcs8._.js:776
[  119537ms] [LOG] [Fast Refresh] rebuilding @ http://localhost:3001/_next/static/chunks/node_modules_next_dist_1e8vcs8._.js:776
[  119658ms] [LOG] [Fast Refresh] done in 104ms @ http://localhost:3001/_next/static/chunks/node_modules_next_dist_1e8vcs8._.js:776
[  119756ms] [LOG] [Fast Refresh] done in 104ms @ http://localhost:3001/_next/static/chunks/node_modules_next_dist_1e8vcs8._.js:776
[  119821ms] [LOG] [Fast Refresh] done in 104ms @ http://localhost:3001/_next/static/chunks/node_modules_next_dist_1e8vcs8._.js:776
[  119904ms] [LOG] [Fast Refresh] done in 104ms @ http://localhost:3001/_next/static/chunks/node_modules_next_dist_1e8vcs8._.js:776
[  119987ms] [LOG] [Fast Refresh] done in 104ms @ http://localhost:3001/_next/static/chunks/node_modules_next_dist_1e8vcs8._.js:776
[  120058ms] [LOG] [Fast Refresh] done in 104ms @ http://localhost:3001/_next/static/chunks/node_modules_next_dist_1e8vcs8._.js:776
[  120152ms] [LOG] [Fast Refresh] done in 104ms @ http://localhost:3001/_next/static/chunks/node_modules_next_dist_1e8vcs8._.js:776
[  120211ms] [LOG] [Fast Refresh] done in 104ms @ http://localhost:3001/_next/static/chunks/node_modules_next_dist_1e8vcs8._.js:776
[  120277ms] [LOG] [Fast Refresh] done in 104ms @ http://localhost:3001/_next/static/chunks/node_modules_next_dist_1e8vcs8._.js:776
[  120332ms] [LOG] [Fast Refresh] done in 104ms @ http://localhost:3001/_next/static/chunks/node_modules_next_dist_1e8vcs8._.js:776
[  120398ms] [LOG] [Fast Refresh] done in 104ms @ http://localhost:3001/_next/static/chunks/node_modules_next_dist_1e8vcs8._.js:776
[  120461ms] [LOG] [Fast Refresh] done in 104ms @ http://localhost:3001/_next/static/chunks/node_modules_next_dist_1e8vcs8._.js:776
[  120531ms] [LOG] [Fast Refresh] done in 104ms @ http://localhost:3001/_next/static/chunks/node_modules_next_dist_1e8vcs8._.js:776
[  120595ms] [LOG] [Fast Refresh] done in 104ms @ http://localhost:3001/_next/static/chunks/node_modules_next_dist_1e8vcs8._.js:776
[  120665ms] [LOG] [Fast Refresh] done in 104ms @ http://localhost:3001/_next/static/chunks/node_modules_next_dist_1e8vcs8._.js:776
[  120728ms] [LOG] [Fast Refresh] done in 104ms @ http://localhost:3001/_next/static/chunks/node_modules_next_dist_1e8vcs8._.js:776
[  120783ms] [LOG] [Fast Refresh] done in 104ms @ http://localhost:3001/_next/static/chunks/node_modules_next_dist_1e8vcs8._.js:776
[  120844ms] [LOG] [Fast Refresh] done in 104ms @ http://localhost:3001/_next/static/chunks/node_modules_next_dist_1e8vcs8._.js:776
[  120911ms] [LOG] [Fast Refresh] done in 104ms @ http://localhost:3001/_next/static/chunks/node_modules_next_dist_1e8vcs8._.js:776
[  120965ms] [LOG] [Fast Refresh] done in 104ms @ http://localhost:3001/_next/static/chunks/node_modules_next_dist_1e8vcs8._.js:776
[  121027ms] [LOG] [Fast Refresh] done in 104ms @ http://localhost:3001/_next/static/chunks/node_modules_next_dist_1e8vcs8._.js:776
[  121096ms] [LOG] [Fast Refresh] done in 104ms @ http://localhost:3001/_next/static/chunks/node_modules_next_dist_1e8vcs8._.js:776
[  121166ms] [LOG] [Fast Refresh] done in 104ms @ http://localhost:3001/_next/static/chunks/node_modules_next_dist_1e8vcs8._.js:776
[  121250ms] [LOG] [Fast Refresh] done in 104ms @ http://localhost:3001/_next/static/chunks/node_modules_next_dist_1e8vcs8._.js:776
[  121334ms] [LOG] [Fast Refresh] done in 104ms @ http://localhost:3001/_next/static/chunks/node_modules_next_dist_1e8vcs8._.js:776
[  121396ms] [LOG] [Fast Refresh] done in 104ms @ http://localhost:3001/_next/static/chunks/node_modules_next_dist_1e8vcs8._.js:776
[  121461ms] [LOG] [Fast Refresh] done in 104ms @ http://localhost:3001/_next/static/chunks/node_modules_next_dist_1e8vcs8._.js:776
[  121532ms] [LOG] [Fast Refresh] done in 104ms @ http://localhost:3001/_next/static/chunks/node_modules_next_dist_1e8vcs8._.js:776
[  121598ms] [LOG] [Fast Refresh] done in 104ms @ http://localhost:3001/_next/static/chunks/node_modules_next_dist_1e8vcs8._.js:776
[  121660ms] [LOG] [Fast Refresh] done in 104ms @ http://localhost:3001/_next/static/chunks/node_modules_next_dist_1e8vcs8._.js:776
[  121735ms] [LOG] [Fast Refresh] done in 104ms @ http://localhost:3001/_next/static/chunks/node_modules_next_dist_1e8vcs8._.js:776
[  121798ms] [LOG] [Fast Refresh] done in 104ms @ http://localhost:3001/_next/static/chunks/node_modules_next_dist_1e8vcs8._.js:776
[  121861ms] [LOG] [Fast Refresh] done in 104ms @ http://localhost:3001/_next/static/chunks/node_modules_next_dist_1e8vcs8._.js:776
[  121928ms] [LOG] [Fast Refresh] done in 104ms @ http://localhost:3001/_next/static/chunks/node_modules_next_dist_1e8vcs8._.js:776
[  121996ms] [LOG] [Fast Refresh] done in 104ms @ http://localhost:3001/_next/static/chunks/node_modules_next_dist_1e8vcs8._.js:776
[  122064ms] [LOG] [Fast Refresh] done in 104ms @ http://localhost:3001/_next/static/chunks/node_modules_next_dist_1e8vcs8._.js:776
[  122115ms] [LOG] [Fast Refresh] done in 104ms @ http://localhost:3001/_next/static/chunks/node_modules_next_dist_1e8vcs8._.js:776
[  122178ms] [LOG] [Fast Refresh] done in 104ms @ http://localhost:3001/_next/static/chunks/node_modules_next_dist_1e8vcs8._.js:776
[  122249ms] [LOG] [Fast Refresh] done in 104ms @ http://localhost:3001/_next/static/chunks/node_modules_next_dist_1e8vcs8._.js:776
[  122316ms] [LOG] [Fast Refresh] done in 104ms @ http://localhost:3001/_next/static/chunks/node_modules_next_dist_1e8vcs8._.js:776
[  122384ms] [LOG] [Fast Refresh] done in 104ms @ http://localhost:3001/_next/static/chunks/node_modules_next_dist_1e8vcs8._.js:776
[  122448ms] [LOG] [Fast Refresh] done in 104ms @ http://localhost:3001/_next/static/chunks/node_modules_next_dist_1e8vcs8._.js:776
[  122497ms] [LOG] [Fast Refresh] done in 104ms @ http://localhost:3001/_next/static/chunks/node_modules_next_dist_1e8vcs8._.js:776
[  122566ms] [LOG] [Fast Refresh] done in 104ms @ http://localhost:3001/_next/static/chunks/node_modules_next_dist_1e8vcs8._.js:776
[  122631ms] [LOG] [Fast Refresh] done in 104ms @ http://localhost:3001/_next/static/chunks/node_modules_next_dist_1e8vcs8._.js:776
[  122698ms] [LOG] [Fast Refresh] done in 104ms @ http://localhost:3001/_next/static/chunks/node_modules_next_dist_1e8vcs8._.js:776
[  122766ms] [LOG] [Fast Refresh] done in 104ms @ http://localhost:3001/_next/static/chunks/node_modules_next_dist_1e8vcs8._.js:776
[  122831ms] [LOG] [Fast Refresh] done in 104ms @ http://localhost:3001/_next/static/chunks/node_modules_next_dist_1e8vcs8._.js:776
[  122900ms] [LOG] [Fast Refresh] done in 104ms @ http://localhost:3001/_next/static/chunks/node_modules_next_dist_1e8vcs8._.js:776
[  122964ms] [LOG] [Fast Refresh] done in 104ms @ http://localhost:3001/_next/static/chunks/node_modules_next_dist_1e8vcs8._.js:776
[  123031ms] [LOG] [Fast Refresh] done in 104ms @ http://localhost:3001/_next/static/chunks/node_modules_next_dist_1e8vcs8._.js:776
[  123097ms] [LOG] [Fast Refresh] done in 104ms @ http://localhost:3001/_next/static/chunks/node_modules_next_dist_1e8vcs8._.js:776
[  123166ms] [LOG] [Fast Refresh] done in 104ms @ http://localhost:3001/_next/static/chunks/node_modules_next_dist_1e8vcs8._.js:776
[  123231ms] [LOG] [Fast Refresh] done in 104ms @ http://localhost:3001/_next/static/chunks/node_modules_next_dist_1e8vcs8._.js:776
[  123293ms] [LOG] [Fast Refresh] done in 104ms @ http://localhost:3001/_next/static/chunks/node_modules_next_dist_1e8vcs8._.js:776
[  123348ms] [LOG] [Fast Refresh] done in 104ms @ http://localhost:3001/_next/static/chunks/node_modules_next_dist_1e8vcs8._.js:776
[  123397ms] [LOG] [Fast Refresh] done in 104ms @ http://localhost:3001/_next/static/chunks/node_modules_next_dist_1e8vcs8._.js:776
[  123448ms] [LOG] [Fast Refresh] done in 104ms @ http://localhost:3001/_next/static/chunks/node_modules_next_dist_1e8vcs8._.js:776
[  123515ms] [LOG] [Fast Refresh] done in 104ms @ http://localhost:3001/_next/static/chunks/node_modules_next_dist_1e8vcs8._.js:776
[  123579ms] [LOG] [Fast Refresh] done in 104ms @ http://localhost:3001/_next/static/chunks/node_modules_next_dist_1e8vcs8._.js:776
[  123643ms] [LOG] [Fast Refresh] done in 104ms @ http://localhost:3001/_next/static/chunks/node_modules_next_dist_1e8vcs8._.js:776
[  123710ms] [LOG] [Fast Refresh] done in 104ms @ http://localhost:3001/_next/static/chunks/node_modules_next_dist_1e8vcs8._.js:776
[  123764ms] [LOG] [Fast Refresh] done in 104ms @ http://localhost:3001/_next/static/chunks/node_modules_next_dist_1e8vcs8._.js:776
[  123861ms] [LOG] [Fast Refresh] done in 104ms @ http://localhost:3001/_next/static/chunks/node_modules_next_dist_1e8vcs8._.js:776
[  123932ms] [LOG] [Fast Refresh] done in 104ms @ http://localhost:3001/_next/static/chunks/node_modules_next_dist_1e8vcs8._.js:776
[  123981ms] [LOG] [Fast Refresh] done in 104ms @ http://localhost:3001/_next/static/chunks/node_modules_next_dist_1e8vcs8._.js:776
[  124029ms] [LOG] [Fast Refresh] done in 104ms @ http://localhost:3001/_next/static/chunks/node_modules_next_dist_1e8vcs8._.js:776
[  124122ms] [LOG] [Fast Refresh] done in 104ms @ http://localhost:3001/_next/static/chunks/node_modules_next_dist_1e8vcs8._.js:776
[  124227ms] [LOG] [Fast Refresh] done in 104ms @ http://localhost:3001/_next/static/chunks/node_modules_next_dist_1e8vcs8._.js:776
[  124292ms] [LOG] [Fast Refresh] done in 104ms @ http://localhost:3001/_next/static/chunks/node_modules_next_dist_1e8vcs8._.js:776
[  124364ms] [LOG] [Fast Refresh] done in 104ms @ http://localhost:3001/_next/static/chunks/node_modules_next_dist_1e8vcs8._.js:776
[  124433ms] [LOG] [Fast Refresh] done in 104ms @ http://localhost:3001/_next/static/chunks/node_modules_next_dist_1e8vcs8._.js:776
[  124493ms] [LOG] [Fast Refresh] done in 104ms @ http://localhost:3001/_next/static/chunks/node_modules_next_dist_1e8vcs8._.js:776
[  124563ms] [LOG] [Fast Refresh] done in 104ms @ http://localhost:3001/_next/static/chunks/node_modules_next_dist_1e8vcs8._.js:776
[  124633ms] [LOG] [Fast Refresh] done in 104ms @ http://localhost:3001/_next/static/chunks/node_modules_next_dist_1e8vcs8._.js:776
[  124681ms] [LOG] [Fast Refresh] done in 104ms @ http://localhost:3001/_next/static/chunks/node_modules_next_dist_1e8vcs8._.js:776
[  124745ms] [LOG] [Fast Refresh] done in 104ms @ http://localhost:3001/_next/static/chunks/node_modules_next_dist_1e8vcs8._.js:776
[  124815ms] [LOG] [Fast Refresh] done in 104ms @ http://localhost:3001/_next/static/chunks/node_modules_next_dist_1e8vcs8._.js:776
[  124879ms] [LOG] [Fast Refresh] done in 104ms @ http://localhost:3001/_next/static/chunks/node_modules_next_dist_1e8vcs8._.js:776
[  124949ms] [LOG] [Fast Refresh] done in 104ms @ http://localhost:3001/_next/static/chunks/node_modules_next_dist_1e8vcs8._.js:776
[  124996ms] [LOG] [Fast Refresh] done in 104ms @ http://localhost:3001/_next/static/chunks/node_modules_next_dist_1e8vcs8._.js:776
[  125068ms] [LOG] [Fast Refresh] done in 104ms @ http://localhost:3001/_next/static/chunks/node_modules_next_dist_1e8vcs8._.js:776
[  125130ms] [LOG] [Fast Refresh] done in 104ms @ http://localhost:3001/_next/static/chunks/node_modules_next_dist_1e8vcs8._.js:776
[  125195ms] [LOG] [Fast Refresh] done in 104ms @ http://localhost:3001/_next/static/chunks/node_modules_next_dist_1e8vcs8._.js:776
[  125246ms] [LOG] [Fast Refresh] done in 104ms @ http://localhost:3001/_next/static/chunks/node_modules_next_dist_1e8vcs8._.js:776
[  125309ms] [LOG] [Fast Refresh] done in 104ms @ http://localhost:3001/_next/static/chunks/node_modules_next_dist_1e8vcs8._.js:776
[  125381ms] [LOG] [Fast Refresh] done in 104ms @ http://localhost:3001/_next/static/chunks/node_modules_next_dist_1e8vcs8._.js:776
[  125449ms] [LOG] [Fast Refresh] done in 104ms @ http://localhost:3001/_next/static/chunks/node_modules_next_dist_1e8vcs8._.js:776
[  125509ms] [LOG] [Fast Refresh] done in 104ms @ http://localhost:3001/_next/static/chunks/node_modules_next_dist_1e8vcs8._.js:776
[  125580ms] [LOG] [Fast Refresh] done in 104ms @ http://localhost:3001/_next/static/chunks/node_modules_next_dist_1e8vcs8._.js:776
[  125646ms] [LOG] [Fast Refresh] done in 104ms @ http://localhost:3001/_next/static/chunks/node_modules_next_dist_1e8vcs8._.js:776
[  125715ms] [LOG] [Fast Refresh] done in 104ms @ http://localhost:3001/_next/static/chunks/node_modules_next_dist_1e8vcs8._.js:776
[  125779ms] [LOG] [Fast Refresh] done in 104ms @ http://localhost:3001/_next/static/chunks/node_modules_next_dist_1e8vcs8._.js:776
[  125843ms] [LOG] [Fast Refresh] done in 104ms @ http://localhost:3001/_next/static/chunks/node_modules_next_dist_1e8vcs8._.js:776
[  125909ms] [LOG] [Fast Refresh] done in 104ms @ http://localhost:3001/_next/static/chunks/node_modules_next_dist_1e8vcs8._.js:776
[  125959ms] [LOG] [Fast Refresh] done in 104ms @ http://localhost:3001/_next/static/chunks/node_modules_next_dist_1e8vcs8._.js:776
[  126030ms] [LOG] [Fast Refresh] done in 104ms @ http://localhost:3001/_next/static/chunks/node_modules_next_dist_1e8vcs8._.js:776
[  126093ms] [LOG] [Fast Refresh] done in 104ms @ http://localhost:3001/_next/static/chunks/node_modules_next_dist_1e8vcs8._.js:776
[  126158ms] [LOG] [Fast Refresh] done in 104ms @ http://localhost:3001/_next/static/chunks/node_modules_next_dist_1e8vcs8._.js:776
[  126226ms] [LOG] [Fast Refresh] done in 104ms @ http://localhost:3001/_next/static/chunks/node_modules_next_dist_1e8vcs8._.js:776
[  126297ms] [LOG] [Fast Refresh] done in 104ms @ http://localhost:3001/_next/static/chunks/node_modules_next_dist_1e8vcs8._.js:776
[  126360ms] [LOG] [Fast Refresh] done in 104ms @ http://localhost:3001/_next/static/chunks/node_modules_next_dist_1e8vcs8._.js:776
[  126427ms] [LOG] [Fast Refresh] done in 104ms @ http://localhost:3001/_next/static/chunks/node_modules_next_dist_1e8vcs8._.js:776
[  126501ms] [LOG] [Fast Refresh] done in 104ms @ http://localhost:3001/_next/static/chunks/node_modules_next_dist_1e8vcs8._.js:776
[  126563ms] [LOG] [Fast Refresh] done in 104ms @ http://localhost:3001/_next/static/chunks/node_modules_next_dist_1e8vcs8._.js:776
[  126612ms] [LOG] [Fast Refresh] done in 104ms @ http://localhost:3001/_next/static/chunks/node_modules_next_dist_1e8vcs8._.js:776
[  126682ms] [LOG] [Fast Refresh] done in 104ms @ http://localhost:3001/_next/static/chunks/node_modules_next_dist_1e8vcs8._.js:776
[  126748ms] [LOG] [Fast Refresh] done in 104ms @ http://localhost:3001/_next/static/chunks/node_modules_next_dist_1e8vcs8._.js:776
[  126813ms] [LOG] [Fast Refresh] done in 104ms @ http://localhost:3001/_next/static/chunks/node_modules_next_dist_1e8vcs8._.js:776
[  126876ms] [LOG] [Fast Refresh] done in 104ms @ http://localhost:3001/_next/static/chunks/node_modules_next_dist_1e8vcs8._.js:776
[  126946ms] [LOG] [Fast Refresh] done in 104ms @ http://localhost:3001/_next/static/chunks/node_modules_next_dist_1e8vcs8._.js:776
[  127012ms] [LOG] [Fast Refresh] done in 104ms @ http://localhost:3001/_next/static/chunks/node_modules_next_dist_1e8vcs8._.js:776
[  127084ms] [LOG] [Fast Refresh] done in 104ms @ http://localhost:3001/_next/static/chunks/node_modules_next_dist_1e8vcs8._.js:776
[  127142ms] [LOG] [Fast Refresh] done in 104ms @ http://localhost:3001/_next/static/chunks/node_modules_next_dist_1e8vcs8._.js:776
[  127209ms] [LOG] [Fast Refresh] done in 104ms @ http://localhost:3001/_next/static/chunks/node_modules_next_dist_1e8vcs8._.js:776
[  127279ms] [LOG] [Fast Refresh] done in 104ms @ http://localhost:3001/_next/static/chunks/node_modules_next_dist_1e8vcs8._.js:776
[  127348ms] [LOG] [Fast Refresh] done in 104ms @ http://localhost:3001/_next/static/chunks/node_modules_next_dist_1e8vcs8._.js:776
[  127393ms] [LOG] [Fast Refresh] done in 104ms @ http://localhost:3001/_next/static/chunks/node_modules_next_dist_1e8vcs8._.js:776
[  127446ms] [LOG] [Fast Refresh] done in 104ms @ http://localhost:3001/_next/static/chunks/node_modules_next_dist_1e8vcs8._.js:776
[  127512ms] [LOG] [Fast Refresh] done in 104ms @ http://localhost:3001/_next/static/chunks/node_modules_next_dist_1e8vcs8._.js:776
[  127575ms] [LOG] [Fast Refresh] done in 104ms @ http://localhost:3001/_next/static/chunks/node_modules_next_dist_1e8vcs8._.js:776
[  127642ms] [LOG] [Fast Refresh] done in 104ms @ http://localhost:3001/_next/static/chunks/node_modules_next_dist_1e8vcs8._.js:776
[  127712ms] [LOG] [Fast Refresh] done in 104ms @ http://localhost:3001/_next/static/chunks/node_modules_next_dist_1e8vcs8._.js:776
[  127762ms] [LOG] [Fast Refresh] done in 104ms @ http://localhost:3001/_next/static/chunks/node_modules_next_dist_1e8vcs8._.js:776
[  127832ms] [LOG] [Fast Refresh] done in 104ms @ http://localhost:3001/_next/static/chunks/node_modules_next_dist_1e8vcs8._.js:776
[  127892ms] [LOG] [Fast Refresh] done in 104ms @ http://localhost:3001/_next/static/chunks/node_modules_next_dist_1e8vcs8._.js:776
[  127961ms] [LOG] [Fast Refresh] done in 104ms @ http://localhost:3001/_next/static/chunks/node_modules_next_dist_1e8vcs8._.js:776
[  128029ms] [LOG] [Fast Refresh] done in 104ms @ http://localhost:3001/_next/static/chunks/node_modules_next_dist_1e8vcs8._.js:776
[  128092ms] [LOG] [Fast Refresh] done in 104ms @ http://localhost:3001/_next/static/chunks/node_modules_next_dist_1e8vcs8._.js:776
[  128162ms] [LOG] [Fast Refresh] done in 104ms @ http://localhost:3001/_next/static/chunks/node_modules_next_dist_1e8vcs8._.js:776
[  128231ms] [LOG] [Fast Refresh] done in 104ms @ http://localhost:3001/_next/static/chunks/node_modules_next_dist_1e8vcs8._.js:776
[  128292ms] [LOG] [Fast Refresh] done in 104ms @ http://localhost:3001/_next/static/chunks/node_modules_next_dist_1e8vcs8._.js:776
[  128359ms] [LOG] [Fast Refresh] done in 104ms @ http://localhost:3001/_next/static/chunks/node_modules_next_dist_1e8vcs8._.js:776
[  128412ms] [LOG] [Fast Refresh] done in 104ms @ http://localhost:3001/_next/static/chunks/node_modules_next_dist_1e8vcs8._.js:776
[  128481ms] [LOG] [Fast Refresh] done in 104ms @ http://localhost:3001/_next/static/chunks/node_modules_next_dist_1e8vcs8._.js:776
[  128545ms] [LOG] [Fast Refresh] done in 104ms @ http://localhost:3001/_next/static/chunks/node_modules_next_dist_1e8vcs8._.js:776
[  128614ms] [LOG] [Fast Refresh] done in 104ms @ http://localhost:3001/_next/static/chunks/node_modules_next_dist_1e8vcs8._.js:776
[  128676ms] [LOG] [Fast Refresh] done in 104ms @ http://localhost:3001/_next/static/chunks/node_modules_next_dist_1e8vcs8._.js:776
[  128746ms] [LOG] [Fast Refresh] done in 104ms @ http://localhost:3001/_next/static/chunks/node_modules_next_dist_1e8vcs8._.js:776
[  128798ms] [LOG] [Fast Refresh] done in 104ms @ http://localhost:3001/_next/static/chunks/node_modules_next_dist_1e8vcs8._.js:776
[  128863ms] [LOG] [Fast Refresh] done in 104ms @ http://localhost:3001/_next/static/chunks/node_modules_next_dist_1e8vcs8._.js:776
[  128929ms] [LOG] [Fast Refresh] done in 104ms @ http://localhost:3001/_next/static/chunks/node_modules_next_dist_1e8vcs8._.js:776
[  128996ms] [LOG] [Fast Refresh] done in 104ms @ http://localhost:3001/_next/static/chunks/node_modules_next_dist_1e8vcs8._.js:776
[  129062ms] [LOG] [Fast Refresh] done in 104ms @ http://localhost:3001/_next/static/chunks/node_modules_next_dist_1e8vcs8._.js:776
[  129116ms] [LOG] [Fast Refresh] done in 104ms @ http://localhost:3001/_next/static/chunks/node_modules_next_dist_1e8vcs8._.js:776
[  129182ms] [LOG] [Fast Refresh] done in 104ms @ http://localhost:3001/_next/static/chunks/node_modules_next_dist_1e8vcs8._.js:776
[  129248ms] [LOG] [Fast Refresh] done in 104ms @ http://localhost:3001/_next/static/chunks/node_modules_next_dist_1e8vcs8._.js:776
[  129311ms] [LOG] [Fast Refresh] done in 104ms @ http://localhost:3001/_next/static/chunks/node_modules_next_dist_1e8vcs8._.js:776
[  129378ms] [LOG] [Fast Refresh] done in 104ms @ http://localhost:3001/_next/static/chunks/node_modules_next_dist_1e8vcs8._.js:776
[  129431ms] [LOG] [Fast Refresh] done in 104ms @ http://localhost:3001/_next/static/chunks/node_modules_next_dist_1e8vcs8._.js:776
[  129492ms] [LOG] [Fast Refresh] done in 104ms @ http://localhost:3001/_next/static/chunks/node_modules_next_dist_1e8vcs8._.js:776
[  129558ms] [LOG] [Fast Refresh] done in 104ms @ http://localhost:3001/_next/static/chunks/node_modules_next_dist_1e8vcs8._.js:776
[  129629ms] [LOG] [Fast Refresh] done in 104ms @ http://localhost:3001/_next/static/chunks/node_modules_next_dist_1e8vcs8._.js:776
[  129695ms] [LOG] [Fast Refresh] done in 104ms @ http://localhost:3001/_next/static/chunks/node_modules_next_dist_1e8vcs8._.js:776
[  129758ms] [LOG] [Fast Refresh] done in 104ms @ http://localhost:3001/_next/static/chunks/node_modules_next_dist_1e8vcs8._.js:776
[  129808ms] [LOG] [Fast Refresh] done in 104ms @ http://localhost:3001/_next/static/chunks/node_modules_next_dist_1e8vcs8._.js:776
[  129879ms] [LOG] [Fast Refresh] done in 104ms @ http://localhost:3001/_next/static/chunks/node_modules_next_dist_1e8vcs8._.js:776
[  129942ms] [LOG] [Fast Refresh] done in 104ms @ http://localhost:3001/_next/static/chunks/node_modules_next_dist_1e8vcs8._.js:776
[  130012ms] [LOG] [Fast Refresh] done in 104ms @ http://localhost:3001/_next/static/chunks/node_modules_next_dist_1e8vcs8._.js:776
[  130075ms] [LOG] [Fast Refresh] done in 104ms @ http://localhost:3001/_next/static/chunks/node_modules_next_dist_1e8vcs8._.js:776
[  130131ms] [LOG] [Fast Refresh] done in 104ms @ http://localhost:3001/_next/static/chunks/node_modules_next_dist_1e8vcs8._.js:776
[  130194ms] [LOG] [Fast Refresh] done in 104ms @ http://localhost:3001/_next/static/chunks/node_modules_next_dist_1e8vcs8._.js:776
[  130265ms] [LOG] [Fast Refresh] done in 104ms @ http://localhost:3001/_next/static/chunks/node_modules_next_dist_1e8vcs8._.js:776
[  130311ms] [LOG] [Fast Refresh] done in 104ms @ http://localhost:3001/_next/static/chunks/node_modules_next_dist_1e8vcs8._.js:776
[  130380ms] [LOG] [Fast Refresh] done in 104ms @ http://localhost:3001/_next/static/chunks/node_modules_next_dist_1e8vcs8._.js:776
[  130450ms] [LOG] [Fast Refresh] done in 104ms @ http://localhost:3001/_next/static/chunks/node_modules_next_dist_1e8vcs8._.js:776
[  130507ms] [LOG] [Fast Refresh] done in 104ms @ http://localhost:3001/_next/static/chunks/node_modules_next_dist_1e8vcs8._.js:776
[  130575ms] [LOG] [Fast Refresh] done in 104ms @ http://localhost:3001/_next/static/chunks/node_modules_next_dist_1e8vcs8._.js:776
[  130644ms] [LOG] [Fast Refresh] done in 104ms @ http://localhost:3001/_next/static/chunks/node_modules_next_dist_1e8vcs8._.js:776
[  130696ms] [LOG] [Fast Refresh] done in 104ms @ http://localhost:3001/_next/static/chunks/node_modules_next_dist_1e8vcs8._.js:776
[  130758ms] [LOG] [Fast Refresh] done in 104ms @ http://localhost:3001/_next/static/chunks/node_modules_next_dist_1e8vcs8._.js:776
[  130829ms] [LOG] [Fast Refresh] done in 104ms @ http://localhost:3001/_next/static/chunks/node_modules_next_dist_1e8vcs8._.js:776
[  130891ms] [LOG] [Fast Refresh] done in 104ms @ http://localhost:3001/_next/static/chunks/node_modules_next_dist_1e8vcs8._.js:776
[  130957ms] [LOG] [Fast Refresh] done in 104ms @ http://localhost:3001/_next/static/chunks/node_modules_next_dist_1e8vcs8._.js:776
[  131025ms] [LOG] [Fast Refresh] done in 104ms @ http://localhost:3001/_next/static/chunks/node_modules_next_dist_1e8vcs8._.js:776
[  131094ms] [LOG] [Fast Refresh] done in 104ms @ http://localhost:3001/_next/static/chunks/node_modules_next_dist_1e8vcs8._.js:776
[  131158ms] [LOG] [Fast Refresh] done in 104ms @ http://localhost:3001/_next/static/chunks/node_modules_next_dist_1e8vcs8._.js:776
[  131227ms] [LOG] [Fast Refresh] done in 104ms @ http://localhost:3001/_next/static/chunks/node_modules_next_dist_1e8vcs8._.js:776
[  131297ms] [LOG] [Fast Refresh] done in 104ms @ http://localhost:3001/_next/static/chunks/node_modules_next_dist_1e8vcs8._.js:776
[  131360ms] [LOG] [Fast Refresh] done in 104ms @ http://localhost:3001/_next/static/chunks/node_modules_next_dist_1e8vcs8._.js:776
[  131425ms] [LOG] [Fast Refresh] done in 104ms @ http://localhost:3001/_next/static/chunks/node_modules_next_dist_1e8vcs8._.js:776
[  131478ms] [LOG] [Fast Refresh] done in 104ms @ http://localhost:3001/_next/static/chunks/node_modules_next_dist_1e8vcs8._.js:776
[  131529ms] [LOG] [Fast Refresh] done in 104ms @ http://localhost:3001/_next/static/chunks/node_modules_next_dist_1e8vcs8._.js:776
[  131581ms] [LOG] [Fast Refresh] done in 104ms @ http://localhost:3001/_next/static/chunks/node_modules_next_dist_1e8vcs8._.js:776
[  131644ms] [LOG] [Fast Refresh] done in 104ms @ http://localhost:3001/_next/static/chunks/node_modules_next_dist_1e8vcs8._.js:776
[  131713ms] [LOG] [Fast Refresh] done in 104ms @ http://localhost:3001/_next/static/chunks/node_modules_next_dist_1e8vcs8._.js:776
[  131778ms] [LOG] [Fast Refresh] done in 104ms @ http://localhost:3001/_next/static/chunks/node_modules_next_dist_1e8vcs8._.js:776
[  131828ms] [LOG] [Fast Refresh] done in 104ms @ http://localhost:3001/_next/static/chunks/node_modules_next_dist_1e8vcs8._.js:776
[  131900ms] [LOG] [Fast Refresh] done in 104ms @ http://localhost:3001/_next/static/chunks/node_modules_next_dist_1e8vcs8._.js:776
[  131958ms] [LOG] [Fast Refresh] done in 104ms @ http://localhost:3001/_next/static/chunks/node_modules_next_dist_1e8vcs8._.js:776
[  132024ms] [LOG] [Fast Refresh] done in 104ms @ http://localhost:3001/_next/static/chunks/node_modules_next_dist_1e8vcs8._.js:776
[  132094ms] [LOG] [Fast Refresh] done in 104ms @ http://localhost:3001/_next/static/chunks/node_modules_next_dist_1e8vcs8._.js:776
[  132162ms] [LOG] [Fast Refresh] done in 104ms @ http://localhost:3001/_next/static/chunks/node_modules_next_dist_1e8vcs8._.js:776
[  132224ms] [LOG] [Fast Refresh] done in 104ms @ http://localhost:3001/_next/static/chunks/node_modules_next_dist_1e8vcs8._.js:776
[  132294ms] [LOG] [Fast Refresh] done in 104ms @ http://localhost:3001/_next/static/chunks/node_modules_next_dist_1e8vcs8._.js:776
[  132364ms] [LOG] [Fast Refresh] done in 104ms @ http://localhost:3001/_next/static/chunks/node_modules_next_dist_1e8vcs8._.js:776
[  132427ms] [LOG] [Fast Refresh] done in 104ms @ http://localhost:3001/_next/static/chunks/node_modules_next_dist_1e8vcs8._.js:776
[  132497ms] [LOG] [Fast Refresh] done in 104ms @ http://localhost:3001/_next/static/chunks/node_modules_next_dist_1e8vcs8._.js:776
[  132561ms] [LOG] [Fast Refresh] done in 104ms @ http://localhost:3001/_next/static/chunks/node_modules_next_dist_1e8vcs8._.js:776
[  132629ms] [LOG] [Fast Refresh] done in 104ms @ http://localhost:3001/_next/static/chunks/node_modules_next_dist_1e8vcs8._.js:776
[  132695ms] [LOG] [Fast Refresh] done in 104ms @ http://localhost:3001/_next/static/chunks/node_modules_next_dist_1e8vcs8._.js:776
[  132762ms] [LOG] [Fast Refresh] done in 104ms @ http://localhost:3001/_next/static/chunks/node_modules_next_dist_1e8vcs8._.js:776
[  132824ms] [LOG] [Fast Refresh] done in 104ms @ http://localhost:3001/_next/static/chunks/node_modules_next_dist_1e8vcs8._.js:776
[  132891ms] [LOG] [Fast Refresh] done in 104ms @ http://localhost:3001/_next/static/chunks/node_modules_next_dist_1e8vcs8._.js:776
[  132983ms] [LOG] [Fast Refresh] done in 104ms @ http://localhost:3001/_next/static/chunks/node_modules_next_dist_1e8vcs8._.js:776
[  133057ms] [LOG] [Fast Refresh] done in 104ms @ http://localhost:3001/_next/static/chunks/node_modules_next_dist_1e8vcs8._.js:776
[  133126ms] [LOG] [Fast Refresh] done in 104ms @ http://localhost:3001/_next/static/chunks/node_modules_next_dist_1e8vcs8._.js:776
[  133191ms] [LOG] [Fast Refresh] done in 104ms @ http://localhost:3001/_next/static/chunks/node_modules_next_dist_1e8vcs8._.js:776
[  133257ms] [LOG] [Fast Refresh] done in 104ms @ http://localhost:3001/_next/static/chunks/node_modules_next_dist_1e8vcs8._.js:776
[  133327ms] [LOG] [Fast Refresh] done in 104ms @ http://localhost:3001/_next/static/chunks/node_modules_next_dist_1e8vcs8._.js:776
[  133399ms] [LOG] [Fast Refresh] done in 104ms @ http://localhost:3001/_next/static/chunks/node_modules_next_dist_1e8vcs8._.js:776
[  133457ms] [LOG] [Fast Refresh] done in 104ms @ http://localhost:3001/_next/static/chunks/node_modules_next_dist_1e8vcs8._.js:776
[  133524ms] [LOG] [Fast Refresh] done in 104ms @ http://localhost:3001/_next/static/chunks/node_modules_next_dist_1e8vcs8._.js:776
[  133590ms] [LOG] [Fast Refresh] done in 104ms @ http://localhost:3001/_next/static/chunks/node_modules_next_dist_1e8vcs8._.js:776
[  133661ms] [LOG] [Fast Refresh] done in 104ms @ http://localhost:3001/_next/static/chunks/node_modules_next_dist_1e8vcs8._.js:776
[  133725ms] [LOG] [Fast Refresh] done in 104ms @ http://localhost:3001/_next/static/chunks/node_modules_next_dist_1e8vcs8._.js:776
[  133791ms] [LOG] [Fast Refresh] done in 104ms @ http://localhost:3001/_next/static/chunks/node_modules_next_dist_1e8vcs8._.js:776
[  133858ms] [LOG] [Fast Refresh] done in 104ms @ http://localhost:3001/_next/static/chunks/node_modules_next_dist_1e8vcs8._.js:776
[  133927ms] [LOG] [Fast Refresh] done in 104ms @ http://localhost:3001/_next/static/chunks/node_modules_next_dist_1e8vcs8._.js:776
[  134030ms] [LOG] [Fast Refresh] done in 104ms @ http://localhost:3001/_next/static/chunks/node_modules_next_dist_1e8vcs8._.js:776
[  134093ms] [LOG] [Fast Refresh] done in 104ms @ http://localhost:3001/_next/static/chunks/node_modules_next_dist_1e8vcs8._.js:776
[  134140ms] [LOG] [Fast Refresh] done in 104ms @ http://localhost:3001/_next/static/chunks/node_modules_next_dist_1e8vcs8._.js:776
[  134210ms] [LOG] [Fast Refresh] done in 104ms @ http://localhost:3001/_next/static/chunks/node_modules_next_dist_1e8vcs8._.js:776
[  134274ms] [LOG] [Fast Refresh] done in 104ms @ http://localhost:3001/_next/static/chunks/node_modules_next_dist_1e8vcs8._.js:776
[  134340ms] [LOG] [Fast Refresh] done in 104ms @ http://localhost:3001/_next/static/chunks/node_modules_next_dist_1e8vcs8._.js:776
[  134407ms] [LOG] [Fast Refresh] done in 104ms @ http://localhost:3001/_next/static/chunks/node_modules_next_dist_1e8vcs8._.js:776
[  134474ms] [LOG] [Fast Refresh] done in 104ms @ http://localhost:3001/_next/static/chunks/node_modules_next_dist_1e8vcs8._.js:776
[  134544ms] [LOG] [Fast Refresh] done in 104ms @ http://localhost:3001/_next/static/chunks/node_modules_next_dist_1e8vcs8._.js:776
[  134611ms] [LOG] [Fast Refresh] done in 104ms @ http://localhost:3001/_next/static/chunks/node_modules_next_dist_1e8vcs8._.js:776
[  134664ms] [LOG] [Fast Refresh] done in 104ms @ http://localhost:3001/_next/static/chunks/node_modules_next_dist_1e8vcs8._.js:776
[  134730ms] [LOG] [Fast Refresh] done in 104ms @ http://localhost:3001/_next/static/chunks/node_modules_next_dist_1e8vcs8._.js:776
[  134795ms] [LOG] [Fast Refresh] done in 104ms @ http://localhost:3001/_next/static/chunks/node_modules_next_dist_1e8vcs8._.js:776
[  134857ms] [LOG] [Fast Refresh] done in 104ms @ http://localhost:3001/_next/static/chunks/node_modules_next_dist_1e8vcs8._.js:776
[  134911ms] [LOG] [Fast Refresh] done in 104ms @ http://localhost:3001/_next/static/chunks/node_modules_next_dist_1e8vcs8._.js:776
[  134977ms] [LOG] [Fast Refresh] done in 104ms @ http://localhost:3001/_next/static/chunks/node_modules_next_dist_1e8vcs8._.js:776
[  135043ms] [LOG] [Fast Refresh] done in 104ms @ http://localhost:3001/_next/static/chunks/node_modules_next_dist_1e8vcs8._.js:776
[  135116ms] [LOG] [Fast Refresh] done in 104ms @ http://localhost:3001/_next/static/chunks/node_modules_next_dist_1e8vcs8._.js:776
[  135178ms] [LOG] [Fast Refresh] done in 104ms @ http://localhost:3001/_next/static/chunks/node_modules_next_dist_1e8vcs8._.js:776
[  135224ms] [LOG] [Fast Refresh] done in 104ms @ http://localhost:3001/_next/static/chunks/node_modules_next_dist_1e8vcs8._.js:776
[  135290ms] [LOG] [Fast Refresh] done in 104ms @ http://localhost:3001/_next/static/chunks/node_modules_next_dist_1e8vcs8._.js:776
[  135359ms] [LOG] [Fast Refresh] done in 104ms @ http://localhost:3001/_next/static/chunks/node_modules_next_dist_1e8vcs8._.js:776
[  135423ms] [LOG] [Fast Refresh] done in 104ms @ http://localhost:3001/_next/static/chunks/node_modules_next_dist_1e8vcs8._.js:776
[  135490ms] [LOG] [Fast Refresh] done in 104ms @ http://localhost:3001/_next/static/chunks/node_modules_next_dist_1e8vcs8._.js:776
[  135560ms] [LOG] [Fast Refresh] done in 104ms @ http://localhost:3001/_next/static/chunks/node_modules_next_dist_1e8vcs8._.js:776
[  135624ms] [LOG] [Fast Refresh] done in 104ms @ http://localhost:3001/_next/static/chunks/node_modules_next_dist_1e8vcs8._.js:776
[  135694ms] [LOG] [Fast Refresh] done in 104ms @ http://localhost:3001/_next/static/chunks/node_modules_next_dist_1e8vcs8._.js:776
[  135757ms] [LOG] [Fast Refresh] done in 104ms @ http://localhost:3001/_next/static/chunks/node_modules_next_dist_1e8vcs8._.js:776
[  135826ms] [LOG] [Fast Refresh] done in 104ms @ http://localhost:3001/_next/static/chunks/node_modules_next_dist_1e8vcs8._.js:776
[  135894ms] [LOG] [Fast Refresh] done in 104ms @ http://localhost:3001/_next/static/chunks/node_modules_next_dist_1e8vcs8._.js:776
[  135963ms] [LOG] [Fast Refresh] done in 104ms @ http://localhost:3001/_next/static/chunks/node_modules_next_dist_1e8vcs8._.js:776
[  136031ms] [LOG] [Fast Refresh] done in 104ms @ http://localhost:3001/_next/static/chunks/node_modules_next_dist_1e8vcs8._.js:776
[  136090ms] [LOG] [Fast Refresh] done in 104ms @ http://localhost:3001/_next/static/chunks/node_modules_next_dist_1e8vcs8._.js:776
[  136156ms] [LOG] [Fast Refresh] done in 104ms @ http://localhost:3001/_next/static/chunks/node_modules_next_dist_1e8vcs8._.js:776
[  136227ms] [LOG] [Fast Refresh] done in 104ms @ http://localhost:3001/_next/static/chunks/node_modules_next_dist_1e8vcs8._.js:776
[  136296ms] [LOG] [Fast Refresh] done in 104ms @ http://localhost:3001/_next/static/chunks/node_modules_next_dist_1e8vcs8._.js:776
[  136356ms] [LOG] [Fast Refresh] done in 104ms @ http://localhost:3001/_next/static/chunks/node_modules_next_dist_1e8vcs8._.js:776
[  136423ms] [LOG] [Fast Refresh] done in 104ms @ http://localhost:3001/_next/static/chunks/node_modules_next_dist_1e8vcs8._.js:776
[  136489ms] [LOG] [Fast Refresh] done in 104ms @ http://localhost:3001/_next/static/chunks/node_modules_next_dist_1e8vcs8._.js:776
[  136557ms] [LOG] [Fast Refresh] done in 104ms @ http://localhost:3001/_next/static/chunks/node_modules_next_dist_1e8vcs8._.js:776
[  136609ms] [LOG] [Fast Refresh] done in 104ms @ http://localhost:3001/_next/static/chunks/node_modules_next_dist_1e8vcs8._.js:776
[  136673ms] [LOG] [Fast Refresh] done in 104ms @ http://localhost:3001/_next/static/chunks/node_modules_next_dist_1e8vcs8._.js:776
[  136742ms] [LOG] [Fast Refresh] done in 104ms @ http://localhost:3001/_next/static/chunks/node_modules_next_dist_1e8vcs8._.js:776
[  136793ms] [LOG] [Fast Refresh] done in 104ms @ http://localhost:3001/_next/static/chunks/node_modules_next_dist_1e8vcs8._.js:776
[  136857ms] [LOG] [Fast Refresh] done in 104ms @ http://localhost:3001/_next/static/chunks/node_modules_next_dist_1e8vcs8._.js:776
[  136928ms] [LOG] [Fast Refresh] done in 104ms @ http://localhost:3001/_next/static/chunks/node_modules_next_dist_1e8vcs8._.js:776
[  136992ms] [LOG] [Fast Refresh] done in 104ms @ http://localhost:3001/_next/static/chunks/node_modules_next_dist_1e8vcs8._.js:776
[  137057ms] [LOG] [Fast Refresh] done in 104ms @ http://localhost:3001/_next/static/chunks/node_modules_next_dist_1e8vcs8._.js:776
[  137127ms] [LOG] [Fast Refresh] done in 104ms @ http://localhost:3001/_next/static/chunks/node_modules_next_dist_1e8vcs8._.js:776
[  137190ms] [LOG] [Fast Refresh] done in 104ms @ http://localhost:3001/_next/static/chunks/node_modules_next_dist_1e8vcs8._.js:776
[  137256ms] [LOG] [Fast Refresh] done in 104ms @ http://localhost:3001/_next/static/chunks/node_modules_next_dist_1e8vcs8._.js:776
[  137326ms] [LOG] [Fast Refresh] done in 104ms @ http://localhost:3001/_next/static/chunks/node_modules_next_dist_1e8vcs8._.js:776
[  137395ms] [LOG] [Fast Refresh] done in 104ms @ http://localhost:3001/_next/static/chunks/node_modules_next_dist_1e8vcs8._.js:776
[  137456ms] [LOG] [Fast Refresh] done in 104ms @ http://localhost:3001/_next/static/chunks/node_modules_next_dist_1e8vcs8._.js:776
[  137523ms] [LOG] [Fast Refresh] done in 104ms @ http://localhost:3001/_next/static/chunks/node_modules_next_dist_1e8vcs8._.js:776
[  137593ms] [LOG] [Fast Refresh] done in 104ms @ http://localhost:3001/_next/static/chunks/node_modules_next_dist_1e8vcs8._.js:776
[  137655ms] [LOG] [Fast Refresh] done in 104ms @ http://localhost:3001/_next/static/chunks/node_modules_next_dist_1e8vcs8._.js:776
[  137710ms] [LOG] [Fast Refresh] done in 104ms @ http://localhost:3001/_next/static/chunks/node_modules_next_dist_1e8vcs8._.js:776
[  137776ms] [LOG] [Fast Refresh] done in 104ms @ http://localhost:3001/_next/static/chunks/node_modules_next_dist_1e8vcs8._.js:776
[  137839ms] [LOG] [Fast Refresh] done in 104ms @ http://localhost:3001/_next/static/chunks/node_modules_next_dist_1e8vcs8._.js:776
[  137907ms] [LOG] [Fast Refresh] done in 104ms @ http://localhost:3001/_next/static/chunks/node_modules_next_dist_1e8vcs8._.js:776
[  137977ms] [LOG] [Fast Refresh] done in 104ms @ http://localhost:3001/_next/static/chunks/node_modules_next_dist_1e8vcs8._.js:776
[  138042ms] [LOG] [Fast Refresh] done in 104ms @ http://localhost:3001/_next/static/chunks/node_modules_next_dist_1e8vcs8._.js:776
[  138106ms] [LOG] [Fast Refresh] done in 104ms @ http://localhost:3001/_next/static/chunks/node_modules_next_dist_1e8vcs8._.js:776
[  138172ms] [LOG] [Fast Refresh] done in 104ms @ http://localhost:3001/_next/static/chunks/node_modules_next_dist_1e8vcs8._.js:776
[  138241ms] [LOG] [Fast Refresh] done in 104ms @ http://localhost:3001/_next/static/chunks/node_modules_next_dist_1e8vcs8._.js:776
[  138306ms] [LOG] [Fast Refresh] done in 104ms @ http://localhost:3001/_next/static/chunks/node_modules_next_dist_1e8vcs8._.js:776
[  138357ms] [LOG] [Fast Refresh] done in 104ms @ http://localhost:3001/_next/static/chunks/node_modules_next_dist_1e8vcs8._.js:776
[  138425ms] [LOG] [Fast Refresh] done in 104ms @ http://localhost:3001/_next/static/chunks/node_modules_next_dist_1e8vcs8._.js:776
[  138489ms] [LOG] [Fast Refresh] done in 104ms @ http://localhost:3001/_next/static/chunks/node_modules_next_dist_1e8vcs8._.js:776
[  138543ms] [LOG] [Fast Refresh] done in 104ms @ http://localhost:3001/_next/static/chunks/node_modules_next_dist_1e8vcs8._.js:776
[  138606ms] [LOG] [Fast Refresh] done in 104ms @ http://localhost:3001/_next/static/chunks/node_modules_next_dist_1e8vcs8._.js:776
[  138677ms] [LOG] [Fast Refresh] done in 104ms @ http://localhost:3001/_next/static/chunks/node_modules_next_dist_1e8vcs8._.js:776
[  138743ms] [LOG] [Fast Refresh] done in 104ms @ http://localhost:3001/_next/static/chunks/node_modules_next_dist_1e8vcs8._.js:776
[  138806ms] [LOG] [Fast Refresh] done in 104ms @ http://localhost:3001/_next/static/chunks/node_modules_next_dist_1e8vcs8._.js:776
[  138873ms] [LOG] [Fast Refresh] done in 104ms @ http://localhost:3001/_next/static/chunks/node_modules_next_dist_1e8vcs8._.js:776
[  138942ms] [LOG] [Fast Refresh] done in 104ms @ http://localhost:3001/_next/static/chunks/node_modules_next_dist_1e8vcs8._.js:776
[  139014ms] [LOG] [Fast Refresh] done in 104ms @ http://localhost:3001/_next/static/chunks/node_modules_next_dist_1e8vcs8._.js:776
[  139077ms] [LOG] [Fast Refresh] done in 104ms @ http://localhost:3001/_next/static/chunks/node_modules_next_dist_1e8vcs8._.js:776
[  139143ms] [LOG] [Fast Refresh] done in 104ms @ http://localhost:3001/_next/static/chunks/node_modules_next_dist_1e8vcs8._.js:776
[  139206ms] [LOG] [Fast Refresh] done in 104ms @ http://localhost:3001/_next/static/chunks/node_modules_next_dist_1e8vcs8._.js:776
[  139273ms] [LOG] [Fast Refresh] done in 104ms @ http://localhost:3001/_next/static/chunks/node_modules_next_dist_1e8vcs8._.js:776
[  139340ms] [LOG] [Fast Refresh] done in 104ms @ http://localhost:3001/_next/static/chunks/node_modules_next_dist_1e8vcs8._.js:776
[  139409ms] [LOG] [Fast Refresh] done in 104ms @ http://localhost:3001/_next/static/chunks/node_modules_next_dist_1e8vcs8._.js:776
[  139462ms] [LOG] [Fast Refresh] done in 104ms @ http://localhost:3001/_next/static/chunks/node_modules_next_dist_1e8vcs8._.js:776
[  139527ms] [LOG] [Fast Refresh] done in 104ms @ http://localhost:3001/_next/static/chunks/node_modules_next_dist_1e8vcs8._.js:776
[  139595ms] [LOG] [Fast Refresh] done in 104ms @ http://localhost:3001/_next/static/chunks/node_modules_next_dist_1e8vcs8._.js:776
[  139655ms] [LOG] [Fast Refresh] done in 104ms @ http://localhost:3001/_next/static/chunks/node_modules_next_dist_1e8vcs8._.js:776
[  139709ms] [LOG] [Fast Refresh] done in 104ms @ http://localhost:3001/_next/static/chunks/node_modules_next_dist_1e8vcs8._.js:776
[  139776ms] [LOG] [Fast Refresh] done in 104ms @ http://localhost:3001/_next/static/chunks/node_modules_next_dist_1e8vcs8._.js:776
[  139846ms] [LOG] [Fast Refresh] done in 104ms @ http://localhost:3001/_next/static/chunks/node_modules_next_dist_1e8vcs8._.js:776
[  139895ms] [LOG] [Fast Refresh] done in 104ms @ http://localhost:3001/_next/static/chunks/node_modules_next_dist_1e8vcs8._.js:776
[  139959ms] [LOG] [Fast Refresh] done in 104ms @ http://localhost:3001/_next/static/chunks/node_modules_next_dist_1e8vcs8._.js:776
[  140022ms] [LOG] [Fast Refresh] done in 104ms @ http://localhost:3001/_next/static/chunks/node_modules_next_dist_1e8vcs8._.js:776
[  140089ms] [LOG] [Fast Refresh] done in 104ms @ http://localhost:3001/_next/static/chunks/node_modules_next_dist_1e8vcs8._.js:776
[  140156ms] [LOG] [Fast Refresh] done in 104ms @ http://localhost:3001/_next/static/chunks/node_modules_next_dist_1e8vcs8._.js:776
[  140209ms] [LOG] [Fast Refresh] done in 104ms @ http://localhost:3001/_next/static/chunks/node_modules_next_dist_1e8vcs8._.js:776
[  140274ms] [LOG] [Fast Refresh] done in 104ms @ http://localhost:3001/_next/static/chunks/node_modules_next_dist_1e8vcs8._.js:776
[  140346ms] [LOG] [Fast Refresh] done in 104ms @ http://localhost:3001/_next/static/chunks/node_modules_next_dist_1e8vcs8._.js:776
[  140408ms] [LOG] [Fast Refresh] done in 104ms @ http://localhost:3001/_next/static/chunks/node_modules_next_dist_1e8vcs8._.js:776
[  140548ms] [LOG] [Fast Refresh] done in 104ms @ http://localhost:3001/_next/static/chunks/node_modules_next_dist_1e8vcs8._.js:776
[  140652ms] [LOG] [Fast Refresh] done in 104ms @ http://localhost:3001/_next/static/chunks/node_modules_next_dist_1e8vcs8._.js:776
[  140744ms] [LOG] [Fast Refresh] done in 104ms @ http://localhost:3001/_next/static/chunks/node_modules_next_dist_1e8vcs8._.js:776
[  140894ms] [LOG] [Fast Refresh] rebuilding @ http://localhost:3001/_next/static/chunks/node_modules_next_dist_1e8vcs8._.js:776
[  140980ms] [LOG] [Fast Refresh] done in 34ms @ http://localhost:3001/_next/static/chunks/node_modules_next_dist_1e8vcs8._.js:776
[  141062ms] [LOG] [Fast Refresh] done in 34ms @ http://localhost:3001/_next/static/chunks/node_modules_next_dist_1e8vcs8._.js:776
[  141145ms] [LOG] [Fast Refresh] done in 34ms @ http://localhost:3001/_next/static/chunks/node_modules_next_dist_1e8vcs8._.js:776
[  141210ms] [LOG] [Fast Refresh] done in 34ms @ http://localhost:3001/_next/static/chunks/node_modules_next_dist_1e8vcs8._.js:776
[  141276ms] [LOG] [Fast Refresh] done in 34ms @ http://localhost:3001/_next/static/chunks/node_modules_next_dist_1e8vcs8._.js:776
[  141343ms] [LOG] [Fast Refresh] done in 34ms @ http://localhost:3001/_next/static/chunks/node_modules_next_dist_1e8vcs8._.js:776
[  141422ms] [LOG] [Fast Refresh] done in 34ms @ http://localhost:3001/_next/static/chunks/node_modules_next_dist_1e8vcs8._.js:776
[  141493ms] [LOG] [Fast Refresh] done in 34ms @ http://localhost:3001/_next/static/chunks/node_modules_next_dist_1e8vcs8._.js:776
[  141559ms] [LOG] [Fast Refresh] done in 34ms @ http://localhost:3001/_next/static/chunks/node_modules_next_dist_1e8vcs8._.js:776
[  141626ms] [LOG] [Fast Refresh] done in 34ms @ http://localhost:3001/_next/static/chunks/node_modules_next_dist_1e8vcs8._.js:776
[  141689ms] [LOG] [Fast Refresh] done in 34ms @ http://localhost:3001/_next/static/chunks/node_modules_next_dist_1e8vcs8._.js:776
[  141755ms] [LOG] [Fast Refresh] done in 34ms @ http://localhost:3001/_next/static/chunks/node_modules_next_dist_1e8vcs8._.js:776
[  141821ms] [LOG] [Fast Refresh] done in 34ms @ http://localhost:3001/_next/static/chunks/node_modules_next_dist_1e8vcs8._.js:776
[  141889ms] [LOG] [Fast Refresh] done in 34ms @ http://localhost:3001/_next/static/chunks/node_modules_next_dist_1e8vcs8._.js:776
[  141955ms] [LOG] [Fast Refresh] done in 34ms @ http://localhost:3001/_next/static/chunks/node_modules_next_dist_1e8vcs8._.js:776
[  142026ms] [LOG] [Fast Refresh] done in 34ms @ http://localhost:3001/_next/static/chunks/node_modules_next_dist_1e8vcs8._.js:776
[  142135ms] [LOG] [Fast Refresh] done in 34ms @ http://localhost:3001/_next/static/chunks/node_modules_next_dist_1e8vcs8._.js:776
[  142213ms] [LOG] [Fast Refresh] done in 34ms @ http://localhost:3001/_next/static/chunks/node_modules_next_dist_1e8vcs8._.js:776
[  142259ms] [LOG] [Fast Refresh] done in 34ms @ http://localhost:3001/_next/static/chunks/node_modules_next_dist_1e8vcs8._.js:776
[  142326ms] [LOG] [Fast Refresh] done in 34ms @ http://localhost:3001/_next/static/chunks/node_modules_next_dist_1e8vcs8._.js:776
[  142394ms] [LOG] [Fast Refresh] done in 34ms @ http://localhost:3001/_next/static/chunks/node_modules_next_dist_1e8vcs8._.js:776
[  142479ms] [LOG] [Fast Refresh] done in 34ms @ http://localhost:3001/_next/static/chunks/node_modules_next_dist_1e8vcs8._.js:776
[  142555ms] [LOG] [Fast Refresh] done in 34ms @ http://localhost:3001/_next/static/chunks/node_modules_next_dist_1e8vcs8._.js:776
[  142611ms] [LOG] [Fast Refresh] done in 34ms @ http://localhost:3001/_next/static/chunks/node_modules_next_dist_1e8vcs8._.js:776
[  142672ms] [LOG] [Fast Refresh] done in 34ms @ http://localhost:3001/_next/static/chunks/node_modules_next_dist_1e8vcs8._.js:776
[  142737ms] [LOG] [Fast Refresh] done in 34ms @ http://localhost:3001/_next/static/chunks/node_modules_next_dist_1e8vcs8._.js:776
[  142794ms] [LOG] [Fast Refresh] done in 34ms @ http://localhost:3001/_next/static/chunks/node_modules_next_dist_1e8vcs8._.js:776
[  142856ms] [LOG] [Fast Refresh] done in 34ms @ http://localhost:3001/_next/static/chunks/node_modules_next_dist_1e8vcs8._.js:776
[  142926ms] [LOG] [Fast Refresh] done in 34ms @ http://localhost:3001/_next/static/chunks/node_modules_next_dist_1e8vcs8._.js:776
[  142995ms] [LOG] [Fast Refresh] done in 34ms @ http://localhost:3001/_next/static/chunks/node_modules_next_dist_1e8vcs8._.js:776
[  143055ms] [LOG] [Fast Refresh] done in 34ms @ http://localhost:3001/_next/static/chunks/node_modules_next_dist_1e8vcs8._.js:776
[  143126ms] [LOG] [Fast Refresh] done in 34ms @ http://localhost:3001/_next/static/chunks/node_modules_next_dist_1e8vcs8._.js:776
[  143178ms] [LOG] [Fast Refresh] done in 34ms @ http://localhost:3001/_next/static/chunks/node_modules_next_dist_1e8vcs8._.js:776
[  143240ms] [LOG] [Fast Refresh] done in 34ms @ http://localhost:3001/_next/static/chunks/node_modules_next_dist_1e8vcs8._.js:776
[  143305ms] [LOG] [Fast Refresh] done in 34ms @ http://localhost:3001/_next/static/chunks/node_modules_next_dist_1e8vcs8._.js:776
[  143374ms] [LOG] [Fast Refresh] done in 34ms @ http://localhost:3001/_next/static/chunks/node_modules_next_dist_1e8vcs8._.js:776
[  143443ms] [LOG] [Fast Refresh] done in 34ms @ http://localhost:3001/_next/static/chunks/node_modules_next_dist_1e8vcs8._.js:776
[  143503ms] [LOG] [Fast Refresh] done in 34ms @ http://localhost:3001/_next/static/chunks/node_modules_next_dist_1e8vcs8._.js:776
[  143555ms] [LOG] [Fast Refresh] done in 34ms @ http://localhost:3001/_next/static/chunks/node_modules_next_dist_1e8vcs8._.js:776
[  143624ms] [LOG] [Fast Refresh] done in 34ms @ http://localhost:3001/_next/static/chunks/node_modules_next_dist_1e8vcs8._.js:776
[  143688ms] [LOG] [Fast Refresh] done in 34ms @ http://localhost:3001/_next/static/chunks/node_modules_next_dist_1e8vcs8._.js:776
[  143757ms] [LOG] [Fast Refresh] done in 34ms @ http://localhost:3001/_next/static/chunks/node_modules_next_dist_1e8vcs8._.js:776
[  143822ms] [LOG] [Fast Refresh] done in 34ms @ http://localhost:3001/_next/static/chunks/node_modules_next_dist_1e8vcs8._.js:776
[  143875ms] [LOG] [Fast Refresh] done in 34ms @ http://localhost:3001/_next/static/chunks/node_modules_next_dist_1e8vcs8._.js:776
[  143942ms] [LOG] [Fast Refresh] done in 34ms @ http://localhost:3001/_next/static/chunks/node_modules_next_dist_1e8vcs8._.js:776
[  144004ms] [LOG] [Fast Refresh] done in 34ms @ http://localhost:3001/_next/static/chunks/node_modules_next_dist_1e8vcs8._.js:776
[  144075ms] [LOG] [Fast Refresh] done in 34ms @ http://localhost:3001/_next/static/chunks/node_modules_next_dist_1e8vcs8._.js:776
[  144138ms] [LOG] [Fast Refresh] done in 34ms @ http://localhost:3001/_next/static/chunks/node_modules_next_dist_1e8vcs8._.js:776
[  144206ms] [LOG] [Fast Refresh] done in 34ms @ http://localhost:3001/_next/static/chunks/node_modules_next_dist_1e8vcs8._.js:776
[  144279ms] [LOG] [Fast Refresh] done in 34ms @ http://localhost:3001/_next/static/chunks/node_modules_next_dist_1e8vcs8._.js:776
[  144342ms] [LOG] [Fast Refresh] done in 34ms @ http://localhost:3001/_next/static/chunks/node_modules_next_dist_1e8vcs8._.js:776
[  144405ms] [LOG] [Fast Refresh] done in 34ms @ http://localhost:3001/_next/static/chunks/node_modules_next_dist_1e8vcs8._.js:776
[  144475ms] [LOG] [Fast Refresh] done in 34ms @ http://localhost:3001/_next/static/chunks/node_modules_next_dist_1e8vcs8._.js:776
[  144524ms] [LOG] [Fast Refresh] done in 34ms @ http://localhost:3001/_next/static/chunks/node_modules_next_dist_1e8vcs8._.js:776
[  144588ms] [LOG] [Fast Refresh] done in 34ms @ http://localhost:3001/_next/static/chunks/node_modules_next_dist_1e8vcs8._.js:776
[  144653ms] [LOG] [Fast Refresh] done in 34ms @ http://localhost:3001/_next/static/chunks/node_modules_next_dist_1e8vcs8._.js:776
[  144724ms] [LOG] [Fast Refresh] done in 34ms @ http://localhost:3001/_next/static/chunks/node_modules_next_dist_1e8vcs8._.js:776
[  144792ms] [LOG] [Fast Refresh] done in 34ms @ http://localhost:3001/_next/static/chunks/node_modules_next_dist_1e8vcs8._.js:776
[  144838ms] [LOG] [Fast Refresh] done in 34ms @ http://localhost:3001/_next/static/chunks/node_modules_next_dist_1e8vcs8._.js:776
[  144906ms] [LOG] [Fast Refresh] done in 34ms @ http://localhost:3001/_next/static/chunks/node_modules_next_dist_1e8vcs8._.js:776
[  144977ms] [LOG] [Fast Refresh] done in 34ms @ http://localhost:3001/_next/static/chunks/node_modules_next_dist_1e8vcs8._.js:776
[  145038ms] [LOG] [Fast Refresh] done in 34ms @ http://localhost:3001/_next/static/chunks/node_modules_next_dist_1e8vcs8._.js:776
[  145104ms] [LOG] [Fast Refresh] done in 34ms @ http://localhost:3001/_next/static/chunks/node_modules_next_dist_1e8vcs8._.js:776
[  145171ms] [LOG] [Fast Refresh] done in 34ms @ http://localhost:3001/_next/static/chunks/node_modules_next_dist_1e8vcs8._.js:776
[  145224ms] [LOG] [Fast Refresh] done in 34ms @ http://localhost:3001/_next/static/chunks/node_modules_next_dist_1e8vcs8._.js:776
[  145277ms] [LOG] [Fast Refresh] done in 34ms @ http://localhost:3001/_next/static/chunks/node_modules_next_dist_1e8vcs8._.js:776
[  145340ms] [LOG] [Fast Refresh] done in 34ms @ http://localhost:3001/_next/static/chunks/node_modules_next_dist_1e8vcs8._.js:776
[  145394ms] [LOG] [Fast Refresh] done in 34ms @ http://localhost:3001/_next/static/chunks/node_modules_next_dist_1e8vcs8._.js:776
[  145458ms] [LOG] [Fast Refresh] done in 34ms @ http://localhost:3001/_next/static/chunks/node_modules_next_dist_1e8vcs8._.js:776
[  145508ms] [LOG] [Fast Refresh] done in 34ms @ http://localhost:3001/_next/static/chunks/node_modules_next_dist_1e8vcs8._.js:776
[  145572ms] [LOG] [Fast Refresh] done in 34ms @ http://localhost:3001/_next/static/chunks/node_modules_next_dist_1e8vcs8._.js:776
[  145624ms] [LOG] [Fast Refresh] done in 34ms @ http://localhost:3001/_next/static/chunks/node_modules_next_dist_1e8vcs8._.js:776
[  145674ms] [LOG] [Fast Refresh] done in 34ms @ http://localhost:3001/_next/static/chunks/node_modules_next_dist_1e8vcs8._.js:776
[  145723ms] [LOG] [Fast Refresh] done in 34ms @ http://localhost:3001/_next/static/chunks/node_modules_next_dist_1e8vcs8._.js:776
[  145791ms] [LOG] [Fast Refresh] done in 34ms @ http://localhost:3001/_next/static/chunks/node_modules_next_dist_1e8vcs8._.js:776
[  145853ms] [LOG] [Fast Refresh] done in 34ms @ http://localhost:3001/_next/static/chunks/node_modules_next_dist_1e8vcs8._.js:776
[  145923ms] [LOG] [Fast Refresh] done in 34ms @ http://localhost:3001/_next/static/chunks/node_modules_next_dist_1e8vcs8._.js:776
[  145995ms] [LOG] [Fast Refresh] done in 34ms @ http://localhost:3001/_next/static/chunks/node_modules_next_dist_1e8vcs8._.js:776
[  146059ms] [LOG] [Fast Refresh] done in 34ms @ http://localhost:3001/_next/static/chunks/node_modules_next_dist_1e8vcs8._.js:776
[  146125ms] [LOG] [Fast Refresh] done in 34ms @ http://localhost:3001/_next/static/chunks/node_modules_next_dist_1e8vcs8._.js:776
[  146188ms] [LOG] [Fast Refresh] done in 34ms @ http://localhost:3001/_next/static/chunks/node_modules_next_dist_1e8vcs8._.js:776
[  146255ms] [LOG] [Fast Refresh] done in 34ms @ http://localhost:3001/_next/static/chunks/node_modules_next_dist_1e8vcs8._.js:776
[  146315ms] [LOG] [Fast Refresh] done in 34ms @ http://localhost:3001/_next/static/chunks/node_modules_next_dist_1e8vcs8._.js:776
[  146374ms] [LOG] [Fast Refresh] done in 34ms @ http://localhost:3001/_next/static/chunks/node_modules_next_dist_1e8vcs8._.js:776
[  146445ms] [LOG] [Fast Refresh] done in 34ms @ http://localhost:3001/_next/static/chunks/node_modules_next_dist_1e8vcs8._.js:776
[  146512ms] [LOG] [Fast Refresh] done in 34ms @ http://localhost:3001/_next/static/chunks/node_modules_next_dist_1e8vcs8._.js:776
[  146592ms] [LOG] [Fast Refresh] done in 34ms @ http://localhost:3001/_next/static/chunks/node_modules_next_dist_1e8vcs8._.js:776
[  146675ms] [LOG] [Fast Refresh] done in 34ms @ http://localhost:3001/_next/static/chunks/node_modules_next_dist_1e8vcs8._.js:776
[  146742ms] [LOG] [Fast Refresh] done in 34ms @ http://localhost:3001/_next/static/chunks/node_modules_next_dist_1e8vcs8._.js:776
[  146805ms] [LOG] [Fast Refresh] done in 34ms @ http://localhost:3001/_next/static/chunks/node_modules_next_dist_1e8vcs8._.js:776
[  146872ms] [LOG] [Fast Refresh] done in 34ms @ http://localhost:3001/_next/static/chunks/node_modules_next_dist_1e8vcs8._.js:776
[  146942ms] [LOG] [Fast Refresh] done in 34ms @ http://localhost:3001/_next/static/chunks/node_modules_next_dist_1e8vcs8._.js:776
[  147006ms] [LOG] [Fast Refresh] done in 34ms @ http://localhost:3001/_next/static/chunks/node_modules_next_dist_1e8vcs8._.js:776
[  147068ms] [LOG] [Fast Refresh] done in 34ms @ http://localhost:3001/_next/static/chunks/node_modules_next_dist_1e8vcs8._.js:776
[  147138ms] [LOG] [Fast Refresh] done in 34ms @ http://localhost:3001/_next/static/chunks/node_modules_next_dist_1e8vcs8._.js:776
[  147206ms] [LOG] [Fast Refresh] done in 34ms @ http://localhost:3001/_next/static/chunks/node_modules_next_dist_1e8vcs8._.js:776
[  147270ms] [LOG] [Fast Refresh] done in 34ms @ http://localhost:3001/_next/static/chunks/node_modules_next_dist_1e8vcs8._.js:776
[  147337ms] [LOG] [Fast Refresh] done in 34ms @ http://localhost:3001/_next/static/chunks/node_modules_next_dist_1e8vcs8._.js:776
[  147387ms] [LOG] [Fast Refresh] done in 34ms @ http://localhost:3001/_next/static/chunks/node_modules_next_dist_1e8vcs8._.js:776
[  147453ms] [LOG] [Fast Refresh] done in 34ms @ http://localhost:3001/_next/static/chunks/node_modules_next_dist_1e8vcs8._.js:776
[  147525ms] [LOG] [Fast Refresh] done in 34ms @ http://localhost:3001/_next/static/chunks/node_modules_next_dist_1e8vcs8._.js:776
[  147586ms] [LOG] [Fast Refresh] done in 34ms @ http://localhost:3001/_next/static/chunks/node_modules_next_dist_1e8vcs8._.js:776
[  147653ms] [LOG] [Fast Refresh] done in 34ms @ http://localhost:3001/_next/static/chunks/node_modules_next_dist_1e8vcs8._.js:776
[  147703ms] [LOG] [Fast Refresh] done in 34ms @ http://localhost:3001/_next/static/chunks/node_modules_next_dist_1e8vcs8._.js:776
[  147757ms] [LOG] [Fast Refresh] done in 34ms @ http://localhost:3001/_next/static/chunks/node_modules_next_dist_1e8vcs8._.js:776
[  147825ms] [LOG] [Fast Refresh] done in 34ms @ http://localhost:3001/_next/static/chunks/node_modules_next_dist_1e8vcs8._.js:776
[  147887ms] [LOG] [Fast Refresh] done in 34ms @ http://localhost:3001/_next/static/chunks/node_modules_next_dist_1e8vcs8._.js:776
[  147958ms] [LOG] [Fast Refresh] done in 34ms @ http://localhost:3001/_next/static/chunks/node_modules_next_dist_1e8vcs8._.js:776
[  148025ms] [LOG] [Fast Refresh] done in 34ms @ http://localhost:3001/_next/static/chunks/node_modules_next_dist_1e8vcs8._.js:776
[  148087ms] [LOG] [Fast Refresh] done in 34ms @ http://localhost:3001/_next/static/chunks/node_modules_next_dist_1e8vcs8._.js:776
[  148158ms] [LOG] [Fast Refresh] done in 34ms @ http://localhost:3001/_next/static/chunks/node_modules_next_dist_1e8vcs8._.js:776
[  148222ms] [LOG] [Fast Refresh] done in 34ms @ http://localhost:3001/_next/static/chunks/node_modules_next_dist_1e8vcs8._.js:776
[  148293ms] [LOG] [Fast Refresh] done in 34ms @ http://localhost:3001/_next/static/chunks/node_modules_next_dist_1e8vcs8._.js:776
[  148356ms] [LOG] [Fast Refresh] done in 34ms @ http://localhost:3001/_next/static/chunks/node_modules_next_dist_1e8vcs8._.js:776
[  148420ms] [LOG] [Fast Refresh] done in 34ms @ http://localhost:3001/_next/static/chunks/node_modules_next_dist_1e8vcs8._.js:776
[  148474ms] [LOG] [Fast Refresh] done in 34ms @ http://localhost:3001/_next/static/chunks/node_modules_next_dist_1e8vcs8._.js:776
[  148529ms] [LOG] [Fast Refresh] done in 34ms @ http://localhost:3001/_next/static/chunks/node_modules_next_dist_1e8vcs8._.js:776
[  148586ms] [LOG] [Fast Refresh] done in 34ms @ http://localhost:3001/_next/static/chunks/node_modules_next_dist_1e8vcs8._.js:776
[  148641ms] [LOG] [Fast Refresh] done in 34ms @ http://localhost:3001/_next/static/chunks/node_modules_next_dist_1e8vcs8._.js:776
[  148691ms] [LOG] [Fast Refresh] done in 34ms @ http://localhost:3001/_next/static/chunks/node_modules_next_dist_1e8vcs8._.js:776
[  148753ms] [LOG] [Fast Refresh] done in 34ms @ http://localhost:3001/_next/static/chunks/node_modules_next_dist_1e8vcs8._.js:776
[  148803ms] [LOG] [Fast Refresh] done in 34ms @ http://localhost:3001/_next/static/chunks/node_modules_next_dist_1e8vcs8._.js:776
[  148857ms] [LOG] [Fast Refresh] done in 34ms @ http://localhost:3001/_next/static/chunks/node_modules_next_dist_1e8vcs8._.js:776
[  148920ms] [LOG] [Fast Refresh] done in 34ms @ http://localhost:3001/_next/static/chunks/node_modules_next_dist_1e8vcs8._.js:776
[  148969ms] [LOG] [Fast Refresh] done in 34ms @ http://localhost:3001/_next/static/chunks/node_modules_next_dist_1e8vcs8._.js:776
[  149035ms] [LOG] [Fast Refresh] done in 34ms @ http://localhost:3001/_next/static/chunks/node_modules_next_dist_1e8vcs8._.js:776
[  149087ms] [LOG] [Fast Refresh] done in 34ms @ http://localhost:3001/_next/static/chunks/node_modules_next_dist_1e8vcs8._.js:776
[  149141ms] [LOG] [Fast Refresh] done in 34ms @ http://localhost:3001/_next/static/chunks/node_modules_next_dist_1e8vcs8._.js:776
[  149187ms] [LOG] [Fast Refresh] done in 34ms @ http://localhost:3001/_next/static/chunks/node_modules_next_dist_1e8vcs8._.js:776
[  149254ms] [LOG] [Fast Refresh] done in 34ms @ http://localhost:3001/_next/static/chunks/node_modules_next_dist_1e8vcs8._.js:776
[  149320ms] [LOG] [Fast Refresh] done in 34ms @ http://localhost:3001/_next/static/chunks/node_modules_next_dist_1e8vcs8._.js:776
[  149386ms] [LOG] [Fast Refresh] done in 34ms @ http://localhost:3001/_next/static/chunks/node_modules_next_dist_1e8vcs8._.js:776
[  149454ms] [LOG] [Fast Refresh] done in 34ms @ http://localhost:3001/_next/static/chunks/node_modules_next_dist_1e8vcs8._.js:776
[  149525ms] [LOG] [Fast Refresh] done in 34ms @ http://localhost:3001/_next/static/chunks/node_modules_next_dist_1e8vcs8._.js:776
[  149574ms] [LOG] [Fast Refresh] done in 34ms @ http://localhost:3001/_next/static/chunks/node_modules_next_dist_1e8vcs8._.js:776
[  149636ms] [LOG] [Fast Refresh] done in 34ms @ http://localhost:3001/_next/static/chunks/node_modules_next_dist_1e8vcs8._.js:776
[  149708ms] [LOG] [Fast Refresh] done in 34ms @ http://localhost:3001/_next/static/chunks/node_modules_next_dist_1e8vcs8._.js:776
[  149770ms] [LOG] [Fast Refresh] done in 34ms @ http://localhost:3001/_next/static/chunks/node_modules_next_dist_1e8vcs8._.js:776
[  149837ms] [LOG] [Fast Refresh] done in 34ms @ http://localhost:3001/_next/static/chunks/node_modules_next_dist_1e8vcs8._.js:776
[  149908ms] [LOG] [Fast Refresh] done in 34ms @ http://localhost:3001/_next/static/chunks/node_modules_next_dist_1e8vcs8._.js:776
[  149969ms] [LOG] [Fast Refresh] done in 34ms @ http://localhost:3001/_next/static/chunks/node_modules_next_dist_1e8vcs8._.js:776
[  150041ms] [LOG] [Fast Refresh] done in 34ms @ http://localhost:3001/_next/static/chunks/node_modules_next_dist_1e8vcs8._.js:776
[  150105ms] [LOG] [Fast Refresh] done in 34ms @ http://localhost:3001/_next/static/chunks/node_modules_next_dist_1e8vcs8._.js:776
[  150169ms] [LOG] [Fast Refresh] done in 34ms @ http://localhost:3001/_next/static/chunks/node_modules_next_dist_1e8vcs8._.js:776
[  150222ms] [LOG] [Fast Refresh] done in 34ms @ http://localhost:3001/_next/static/chunks/node_modules_next_dist_1e8vcs8._.js:776
[  150287ms] [LOG] [Fast Refresh] done in 34ms @ http://localhost:3001/_next/static/chunks/node_modules_next_dist_1e8vcs8._.js:776
[  150343ms] [LOG] [Fast Refresh] done in 34ms @ http://localhost:3001/_next/static/chunks/node_modules_next_dist_1e8vcs8._.js:776
[  150420ms] [LOG] [Fast Refresh] done in 34ms @ http://localhost:3001/_next/static/chunks/node_modules_next_dist_1e8vcs8._.js:776
[  150493ms] [LOG] [Fast Refresh] done in 34ms @ http://localhost:3001/_next/static/chunks/node_modules_next_dist_1e8vcs8._.js:776
[  150597ms] [LOG] [Fast Refresh] done in 34ms @ http://localhost:3001/_next/static/chunks/node_modules_next_dist_1e8vcs8._.js:776
[  150697ms] [LOG] [Fast Refresh] done in 34ms @ http://localhost:3001/_next/static/chunks/node_modules_next_dist_1e8vcs8._.js:776
[  150792ms] [LOG] [Fast Refresh] done in 34ms @ http://localhost:3001/_next/static/chunks/node_modules_next_dist_1e8vcs8._.js:776
[  150928ms] [LOG] [Fast Refresh] done in 34ms @ http://localhost:3001/_next/static/chunks/node_modules_next_dist_1e8vcs8._.js:776
[  150977ms] [LOG] [Fast Refresh] done in 34ms @ http://localhost:3001/_next/static/chunks/node_modules_next_dist_1e8vcs8._.js:776
[  151046ms] [LOG] [Fast Refresh] done in 34ms @ http://localhost:3001/_next/static/chunks/node_modules_next_dist_1e8vcs8._.js:776
[  151120ms] [LOG] [Fast Refresh] done in 34ms @ http://localhost:3001/_next/static/chunks/node_modules_next_dist_1e8vcs8._.js:776
[  151176ms] [LOG] [Fast Refresh] done in 34ms @ http://localhost:3001/_next/static/chunks/node_modules_next_dist_1e8vcs8._.js:776
[  151242ms] [LOG] [Fast Refresh] done in 34ms @ http://localhost:3001/_next/static/chunks/node_modules_next_dist_1e8vcs8._.js:776
[  151308ms] [LOG] [Fast Refresh] done in 34ms @ http://localhost:3001/_next/static/chunks/node_modules_next_dist_1e8vcs8._.js:776
[  151386ms] [LOG] [Fast Refresh] done in 34ms @ http://localhost:3001/_next/static/chunks/node_modules_next_dist_1e8vcs8._.js:776
[  151526ms] [LOG] [Fast Refresh] done in 34ms @ http://localhost:3001/_next/static/chunks/node_modules_next_dist_1e8vcs8._.js:776
[  151654ms] [LOG] [Fast Refresh] done in 34ms @ http://localhost:3001/_next/static/chunks/node_modules_next_dist_1e8vcs8._.js:776
[  151726ms] [LOG] [Fast Refresh] done in 34ms @ http://localhost:3001/_next/static/chunks/node_modules_next_dist_1e8vcs8._.js:776
[  151788ms] [LOG] [Fast Refresh] done in 34ms @ http://localhost:3001/_next/static/chunks/node_modules_next_dist_1e8vcs8._.js:776
[  151846ms] [LOG] [Fast Refresh] done in 34ms @ http://localhost:3001/_next/static/chunks/node_modules_next_dist_1e8vcs8._.js:776
[  151931ms] [LOG] [Fast Refresh] done in 34ms @ http://localhost:3001/_next/static/chunks/node_modules_next_dist_1e8vcs8._.js:776
[  152009ms] [LOG] [Fast Refresh] done in 34ms @ http://localhost:3001/_next/static/chunks/node_modules_next_dist_1e8vcs8._.js:776
[  152069ms] [LOG] [Fast Refresh] done in 34ms @ http://localhost:3001/_next/static/chunks/node_modules_next_dist_1e8vcs8._.js:776
[  152157ms] [LOG] [Fast Refresh] done in 34ms @ http://localhost:3001/_next/static/chunks/node_modules_next_dist_1e8vcs8._.js:776
[  152236ms] [LOG] [Fast Refresh] done in 34ms @ http://localhost:3001/_next/static/chunks/node_modules_next_dist_1e8vcs8._.js:776
[  152323ms] [LOG] [Fast Refresh] done in 34ms @ http://localhost:3001/_next/static/chunks/node_modules_next_dist_1e8vcs8._.js:776
[  152392ms] [LOG] [Fast Refresh] done in 34ms @ http://localhost:3001/_next/static/chunks/node_modules_next_dist_1e8vcs8._.js:776
[  152452ms] [LOG] [Fast Refresh] done in 34ms @ http://localhost:3001/_next/static/chunks/node_modules_next_dist_1e8vcs8._.js:776
[  152508ms] [LOG] [Fast Refresh] done in 34ms @ http://localhost:3001/_next/static/chunks/node_modules_next_dist_1e8vcs8._.js:776
[  152576ms] [LOG] [Fast Refresh] done in 34ms @ http://localhost:3001/_next/static/chunks/node_modules_next_dist_1e8vcs8._.js:776
[  152641ms] [LOG] [Fast Refresh] done in 34ms @ http://localhost:3001/_next/static/chunks/node_modules_next_dist_1e8vcs8._.js:776
[  152705ms] [LOG] [Fast Refresh] done in 34ms @ http://localhost:3001/_next/static/chunks/node_modules_next_dist_1e8vcs8._.js:776
[  152809ms] [LOG] [Fast Refresh] done in 34ms @ http://localhost:3001/_next/static/chunks/node_modules_next_dist_1e8vcs8._.js:776
[  152874ms] [LOG] [Fast Refresh] done in 34ms @ http://localhost:3001/_next/static/chunks/node_modules_next_dist_1e8vcs8._.js:776
[  152940ms] [LOG] [Fast Refresh] done in 34ms @ http://localhost:3001/_next/static/chunks/node_modules_next_dist_1e8vcs8._.js:776
[  153004ms] [LOG] [Fast Refresh] done in 34ms @ http://localhost:3001/_next/static/chunks/node_modules_next_dist_1e8vcs8._.js:776
[  153071ms] [LOG] [Fast Refresh] done in 34ms @ http://localhost:3001/_next/static/chunks/node_modules_next_dist_1e8vcs8._.js:776
[  153141ms] [LOG] [Fast Refresh] done in 34ms @ http://localhost:3001/_next/static/chunks/node_modules_next_dist_1e8vcs8._.js:776
[  153202ms] [LOG] [Fast Refresh] done in 34ms @ http://localhost:3001/_next/static/chunks/node_modules_next_dist_1e8vcs8._.js:776
[  153252ms] [LOG] [Fast Refresh] done in 34ms @ http://localhost:3001/_next/static/chunks/node_modules_next_dist_1e8vcs8._.js:776
[  153321ms] [LOG] [Fast Refresh] done in 34ms @ http://localhost:3001/_next/static/chunks/node_modules_next_dist_1e8vcs8._.js:776
[  153389ms] [LOG] [Fast Refresh] done in 34ms @ http://localhost:3001/_next/static/chunks/node_modules_next_dist_1e8vcs8._.js:776
[  153452ms] [LOG] [Fast Refresh] done in 34ms @ http://localhost:3001/_next/static/chunks/node_modules_next_dist_1e8vcs8._.js:776
[  153521ms] [LOG] [Fast Refresh] done in 34ms @ http://localhost:3001/_next/static/chunks/node_modules_next_dist_1e8vcs8._.js:776
[  153594ms] [LOG] [Fast Refresh] done in 34ms @ http://localhost:3001/_next/static/chunks/node_modules_next_dist_1e8vcs8._.js:776
[  153656ms] [LOG] [Fast Refresh] done in 34ms @ http://localhost:3001/_next/static/chunks/node_modules_next_dist_1e8vcs8._.js:776
[  153726ms] [LOG] [Fast Refresh] done in 34ms @ http://localhost:3001/_next/static/chunks/node_modules_next_dist_1e8vcs8._.js:776
[  153792ms] [LOG] [Fast Refresh] done in 34ms @ http://localhost:3001/_next/static/chunks/node_modules_next_dist_1e8vcs8._.js:776
[  153869ms] [LOG] [Fast Refresh] done in 34ms @ http://localhost:3001/_next/static/chunks/node_modules_next_dist_1e8vcs8._.js:776
[  153936ms] [LOG] [Fast Refresh] done in 34ms @ http://localhost:3001/_next/static/chunks/node_modules_next_dist_1e8vcs8._.js:776
[  154008ms] [LOG] [Fast Refresh] done in 34ms @ http://localhost:3001/_next/static/chunks/node_modules_next_dist_1e8vcs8._.js:776
[  154080ms] [LOG] [Fast Refresh] done in 34ms @ http://localhost:3001/_next/static/chunks/node_modules_next_dist_1e8vcs8._.js:776
[  154157ms] [LOG] [Fast Refresh] done in 34ms @ http://localhost:3001/_next/static/chunks/node_modules_next_dist_1e8vcs8._.js:776
[  154209ms] [LOG] [Fast Refresh] done in 34ms @ http://localhost:3001/_next/static/chunks/node_modules_next_dist_1e8vcs8._.js:776
[  154271ms] [LOG] [Fast Refresh] done in 34ms @ http://localhost:3001/_next/static/chunks/node_modules_next_dist_1e8vcs8._.js:776
[  154324ms] [LOG] [Fast Refresh] done in 34ms @ http://localhost:3001/_next/static/chunks/node_modules_next_dist_1e8vcs8._.js:776
[  154373ms] [LOG] [Fast Refresh] done in 34ms @ http://localhost:3001/_next/static/chunks/node_modules_next_dist_1e8vcs8._.js:776
[  154440ms] [LOG] [Fast Refresh] done in 34ms @ http://localhost:3001/_next/static/chunks/node_modules_next_dist_1e8vcs8._.js:776
[  154510ms] [LOG] [Fast Refresh] done in 34ms @ http://localhost:3001/_next/static/chunks/node_modules_next_dist_1e8vcs8._.js:776
[  154569ms] [LOG] [Fast Refresh] done in 34ms @ http://localhost:3001/_next/static/chunks/node_modules_next_dist_1e8vcs8._.js:776
[  154635ms] [LOG] [Fast Refresh] done in 34ms @ http://localhost:3001/_next/static/chunks/node_modules_next_dist_1e8vcs8._.js:776
[  154707ms] [LOG] [Fast Refresh] done in 34ms @ http://localhost:3001/_next/static/chunks/node_modules_next_dist_1e8vcs8._.js:776
[  154759ms] [LOG] [Fast Refresh] done in 34ms @ http://localhost:3001/_next/static/chunks/node_modules_next_dist_1e8vcs8._.js:776
[  154826ms] [LOG] [Fast Refresh] done in 34ms @ http://localhost:3001/_next/static/chunks/node_modules_next_dist_1e8vcs8._.js:776
[  154908ms] [LOG] [Fast Refresh] done in 34ms @ http://localhost:3001/_next/static/chunks/node_modules_next_dist_1e8vcs8._.js:776
[  154991ms] [LOG] [Fast Refresh] done in 34ms @ http://localhost:3001/_next/static/chunks/node_modules_next_dist_1e8vcs8._.js:776
[  155052ms] [LOG] [Fast Refresh] done in 34ms @ http://localhost:3001/_next/static/chunks/node_modules_next_dist_1e8vcs8._.js:776
[  155123ms] [LOG] [Fast Refresh] done in 34ms @ http://localhost:3001/_next/static/chunks/node_modules_next_dist_1e8vcs8._.js:776
[  155190ms] [LOG] [Fast Refresh] done in 34ms @ http://localhost:3001/_next/static/chunks/node_modules_next_dist_1e8vcs8._.js:776
[  155252ms] [LOG] [Fast Refresh] done in 34ms @ http://localhost:3001/_next/static/chunks/node_modules_next_dist_1e8vcs8._.js:776
[  155327ms] [LOG] [Fast Refresh] done in 34ms @ http://localhost:3001/_next/static/chunks/node_modules_next_dist_1e8vcs8._.js:776
[  155389ms] [LOG] [Fast Refresh] done in 34ms @ http://localhost:3001/_next/static/chunks/node_modules_next_dist_1e8vcs8._.js:776
[  155451ms] [LOG] [Fast Refresh] done in 34ms @ http://localhost:3001/_next/static/chunks/node_modules_next_dist_1e8vcs8._.js:776
[  155502ms] [LOG] [Fast Refresh] done in 34ms @ http://localhost:3001/_next/static/chunks/node_modules_next_dist_1e8vcs8._.js:776
[  155558ms] [LOG] [Fast Refresh] done in 34ms @ http://localhost:3001/_next/static/chunks/node_modules_next_dist_1e8vcs8._.js:776
[  155626ms] [LOG] [Fast Refresh] done in 34ms @ http://localhost:3001/_next/static/chunks/node_modules_next_dist_1e8vcs8._.js:776
[  155685ms] [LOG] [Fast Refresh] done in 34ms @ http://localhost:3001/_next/static/chunks/node_modules_next_dist_1e8vcs8._.js:776
[  155773ms] [LOG] [Fast Refresh] done in 34ms @ http://localhost:3001/_next/static/chunks/node_modules_next_dist_1e8vcs8._.js:776
[  155834ms] [LOG] [Fast Refresh] done in 34ms @ http://localhost:3001/_next/static/chunks/node_modules_next_dist_1e8vcs8._.js:776
[  155890ms] [LOG] [Fast Refresh] done in 34ms @ http://localhost:3001/_next/static/chunks/node_modules_next_dist_1e8vcs8._.js:776
[  155952ms] [LOG] [Fast Refresh] done in 34ms @ http://localhost:3001/_next/static/chunks/node_modules_next_dist_1e8vcs8._.js:776
[  156025ms] [LOG] [Fast Refresh] done in 34ms @ http://localhost:3001/_next/static/chunks/node_modules_next_dist_1e8vcs8._.js:776
[  156100ms] [LOG] [Fast Refresh] done in 34ms @ http://localhost:3001/_next/static/chunks/node_modules_next_dist_1e8vcs8._.js:776
[  156171ms] [LOG] [Fast Refresh] done in 34ms @ http://localhost:3001/_next/static/chunks/node_modules_next_dist_1e8vcs8._.js:776
[  156243ms] [LOG] [Fast Refresh] done in 34ms @ http://localhost:3001/_next/static/chunks/node_modules_next_dist_1e8vcs8._.js:776
[  156287ms] [LOG] [Fast Refresh] done in 34ms @ http://localhost:3001/_next/static/chunks/node_modules_next_dist_1e8vcs8._.js:776
[  156383ms] [LOG] [Fast Refresh] done in 34ms @ http://localhost:3001/_next/static/chunks/node_modules_next_dist_1e8vcs8._.js:776
[  156439ms] [LOG] [Fast Refresh] done in 34ms @ http://localhost:3001/_next/static/chunks/node_modules_next_dist_1e8vcs8._.js:776
[  156489ms] [LOG] [Fast Refresh] done in 34ms @ http://localhost:3001/_next/static/chunks/node_modules_next_dist_1e8vcs8._.js:776
[  156556ms] [LOG] [Fast Refresh] done in 34ms @ http://localhost:3001/_next/static/chunks/node_modules_next_dist_1e8vcs8._.js:776
[  156626ms] [LOG] [Fast Refresh] done in 34ms @ http://localhost:3001/_next/static/chunks/node_modules_next_dist_1e8vcs8._.js:776
[  156689ms] [LOG] [Fast Refresh] done in 34ms @ http://localhost:3001/_next/static/chunks/node_modules_next_dist_1e8vcs8._.js:776
[  156752ms] [LOG] [Fast Refresh] done in 34ms @ http://localhost:3001/_next/static/chunks/node_modules_next_dist_1e8vcs8._.js:776
[  156818ms] [LOG] [Fast Refresh] done in 34ms @ http://localhost:3001/_next/static/chunks/node_modules_next_dist_1e8vcs8._.js:776
[  156875ms] [LOG] [Fast Refresh] done in 34ms @ http://localhost:3001/_next/static/chunks/node_modules_next_dist_1e8vcs8._.js:776
[  156941ms] [LOG] [Fast Refresh] done in 34ms @ http://localhost:3001/_next/static/chunks/node_modules_next_dist_1e8vcs8._.js:776
[  157007ms] [LOG] [Fast Refresh] done in 34ms @ http://localhost:3001/_next/static/chunks/node_modules_next_dist_1e8vcs8._.js:776
[  157130ms] [LOG] [Fast Refresh] done in 34ms @ http://localhost:3001/_next/static/chunks/node_modules_next_dist_1e8vcs8._.js:776
[  157272ms] [LOG] [Fast Refresh] done in 34ms @ http://localhost:3001/_next/static/chunks/node_modules_next_dist_1e8vcs8._.js:776
[  157348ms] [LOG] [Fast Refresh] done in 34ms @ http://localhost:3001/_next/static/chunks/node_modules_next_dist_1e8vcs8._.js:776
[  157401ms] [LOG] [Fast Refresh] done in 34ms @ http://localhost:3001/_next/static/chunks/node_modules_next_dist_1e8vcs8._.js:776
[  157472ms] [LOG] [Fast Refresh] done in 34ms @ http://localhost:3001/_next/static/chunks/node_modules_next_dist_1e8vcs8._.js:776
[  157537ms] [LOG] [Fast Refresh] done in 34ms @ http://localhost:3001/_next/static/chunks/node_modules_next_dist_1e8vcs8._.js:776
[  157610ms] [LOG] [Fast Refresh] done in 34ms @ http://localhost:3001/_next/static/chunks/node_modules_next_dist_1e8vcs8._.js:776
[  157668ms] [LOG] [Fast Refresh] done in 34ms @ http://localhost:3001/_next/static/chunks/node_modules_next_dist_1e8vcs8._.js:776
[  157740ms] [LOG] [Fast Refresh] done in 34ms @ http://localhost:3001/_next/static/chunks/node_modules_next_dist_1e8vcs8._.js:776
[  157801ms] [LOG] [Fast Refresh] done in 34ms @ http://localhost:3001/_next/static/chunks/node_modules_next_dist_1e8vcs8._.js:776
[  157870ms] [LOG] [Fast Refresh] done in 34ms @ http://localhost:3001/_next/static/chunks/node_modules_next_dist_1e8vcs8._.js:776
[  157939ms] [LOG] [Fast Refresh] done in 34ms @ http://localhost:3001/_next/static/chunks/node_modules_next_dist_1e8vcs8._.js:776
[  158018ms] [LOG] [Fast Refresh] done in 34ms @ http://localhost:3001/_next/static/chunks/node_modules_next_dist_1e8vcs8._.js:776
[  158090ms] [LOG] [Fast Refresh] done in 34ms @ http://localhost:3001/_next/static/chunks/node_modules_next_dist_1e8vcs8._.js:776
[  158156ms] [LOG] [Fast Refresh] done in 34ms @ http://localhost:3001/_next/static/chunks/node_modules_next_dist_1e8vcs8._.js:776
[  158222ms] [LOG] [Fast Refresh] done in 34ms @ http://localhost:3001/_next/static/chunks/node_modules_next_dist_1e8vcs8._.js:776
[  158307ms] [LOG] [Fast Refresh] done in 34ms @ http://localhost:3001/_next/static/chunks/node_modules_next_dist_1e8vcs8._.js:776
[  158372ms] [LOG] [Fast Refresh] done in 34ms @ http://localhost:3001/_next/static/chunks/node_modules_next_dist_1e8vcs8._.js:776
[  158441ms] [LOG] [Fast Refresh] done in 34ms @ http://localhost:3001/_next/static/chunks/node_modules_next_dist_1e8vcs8._.js:776
[  158502ms] [LOG] [Fast Refresh] done in 34ms @ http://localhost:3001/_next/static/chunks/node_modules_next_dist_1e8vcs8._.js:776
[  158608ms] [LOG] [Fast Refresh] done in 34ms @ http://localhost:3001/_next/static/chunks/node_modules_next_dist_1e8vcs8._.js:776
[  158673ms] [LOG] [Fast Refresh] done in 34ms @ http://localhost:3001/_next/static/chunks/node_modules_next_dist_1e8vcs8._.js:776
[  158740ms] [LOG] [Fast Refresh] done in 34ms @ http://localhost:3001/_next/static/chunks/node_modules_next_dist_1e8vcs8._.js:776
[  158805ms] [LOG] [Fast Refresh] done in 34ms @ http://localhost:3001/_next/static/chunks/node_modules_next_dist_1e8vcs8._.js:776
[  158855ms] [LOG] [Fast Refresh] done in 34ms @ http://localhost:3001/_next/static/chunks/node_modules_next_dist_1e8vcs8._.js:776
[  158926ms] [LOG] [Fast Refresh] done in 34ms @ http://localhost:3001/_next/static/chunks/node_modules_next_dist_1e8vcs8._.js:776
[  158990ms] [LOG] [Fast Refresh] done in 34ms @ http://localhost:3001/_next/static/chunks/node_modules_next_dist_1e8vcs8._.js:776
[  159053ms] [LOG] [Fast Refresh] done in 34ms @ http://localhost:3001/_next/static/chunks/node_modules_next_dist_1e8vcs8._.js:776
[  159122ms] [LOG] [Fast Refresh] done in 34ms @ http://localhost:3001/_next/static/chunks/node_modules_next_dist_1e8vcs8._.js:776
[  159190ms] [LOG] [Fast Refresh] done in 34ms @ http://localhost:3001/_next/static/chunks/node_modules_next_dist_1e8vcs8._.js:776
[  159272ms] [LOG] [Fast Refresh] done in 34ms @ http://localhost:3001/_next/static/chunks/node_modules_next_dist_1e8vcs8._.js:776
[  159344ms] [LOG] [Fast Refresh] done in 34ms @ http://localhost:3001/_next/static/chunks/node_modules_next_dist_1e8vcs8._.js:776
[  159417ms] [LOG] [Fast Refresh] done in 34ms @ http://localhost:3001/_next/static/chunks/node_modules_next_dist_1e8vcs8._.js:776
[  159488ms] [LOG] [Fast Refresh] done in 34ms @ http://localhost:3001/_next/static/chunks/node_modules_next_dist_1e8vcs8._.js:776
[  159552ms] [LOG] [Fast Refresh] done in 34ms @ http://localhost:3001/_next/static/chunks/node_modules_next_dist_1e8vcs8._.js:776
[  159622ms] [LOG] [Fast Refresh] done in 34ms @ http://localhost:3001/_next/static/chunks/node_modules_next_dist_1e8vcs8._.js:776
[  159689ms] [LOG] [Fast Refresh] done in 34ms @ http://localhost:3001/_next/static/chunks/node_modules_next_dist_1e8vcs8._.js:776
[  159775ms] [LOG] [Fast Refresh] done in 34ms @ http://localhost:3001/_next/static/chunks/node_modules_next_dist_1e8vcs8._.js:776
[  159824ms] [LOG] [Fast Refresh] done in 34ms @ http://localhost:3001/_next/static/chunks/node_modules_next_dist_1e8vcs8._.js:776
[  159886ms] [LOG] [Fast Refresh] done in 34ms @ http://localhost:3001/_next/static/chunks/node_modules_next_dist_1e8vcs8._.js:776
[  159956ms] [LOG] [Fast Refresh] done in 34ms @ http://localhost:3001/_next/static/chunks/node_modules_next_dist_1e8vcs8._.js:776
[  160006ms] [LOG] [Fast Refresh] done in 34ms @ http://localhost:3001/_next/static/chunks/node_modules_next_dist_1e8vcs8._.js:776
[  160067ms] [LOG] [Fast Refresh] done in 34ms @ http://localhost:3001/_next/static/chunks/node_modules_next_dist_1e8vcs8._.js:776
[  160139ms] [LOG] [Fast Refresh] done in 34ms @ http://localhost:3001/_next/static/chunks/node_modules_next_dist_1e8vcs8._.js:776
[  160200ms] [LOG] [Fast Refresh] done in 34ms @ http://localhost:3001/_next/static/chunks/node_modules_next_dist_1e8vcs8._.js:776
[  160272ms] [LOG] [Fast Refresh] done in 34ms @ http://localhost:3001/_next/static/chunks/node_modules_next_dist_1e8vcs8._.js:776
[  160334ms] [LOG] [Fast Refresh] done in 34ms @ http://localhost:3001/_next/static/chunks/node_modules_next_dist_1e8vcs8._.js:776
[  160389ms] [LOG] [Fast Refresh] done in 34ms @ http://localhost:3001/_next/static/chunks/node_modules_next_dist_1e8vcs8._.js:776
[  160455ms] [LOG] [Fast Refresh] done in 34ms @ http://localhost:3001/_next/static/chunks/node_modules_next_dist_1e8vcs8._.js:776
[  160516ms] [LOG] [Fast Refresh] done in 34ms @ http://localhost:3001/_next/static/chunks/node_modules_next_dist_1e8vcs8._.js:776
[  160617ms] [LOG] [Fast Refresh] done in 34ms @ http://localhost:3001/_next/static/chunks/node_modules_next_dist_1e8vcs8._.js:776
[  160695ms] [LOG] [Fast Refresh] done in 34ms @ http://localhost:3001/_next/static/chunks/node_modules_next_dist_1e8vcs8._.js:776
[  160790ms] [LOG] [Fast Refresh] done in 34ms @ http://localhost:3001/_next/static/chunks/node_modules_next_dist_1e8vcs8._.js:776
[  160879ms] [LOG] [Fast Refresh] done in 34ms @ http://localhost:3001/_next/static/chunks/node_modules_next_dist_1e8vcs8._.js:776
[  161024ms] [LOG] [Fast Refresh] done in 34ms @ http://localhost:3001/_next/static/chunks/node_modules_next_dist_1e8vcs8._.js:776
[  161101ms] [LOG] [Fast Refresh] done in 34ms @ http://localhost:3001/_next/static/chunks/node_modules_next_dist_1e8vcs8._.js:776
[  161183ms] [LOG] [Fast Refresh] done in 34ms @ http://localhost:3001/_next/static/chunks/node_modules_next_dist_1e8vcs8._.js:776
[  161251ms] [LOG] [Fast Refresh] done in 34ms @ http://localhost:3001/_next/static/chunks/node_modules_next_dist_1e8vcs8._.js:776
[  161327ms] [LOG] [Fast Refresh] done in 34ms @ http://localhost:3001/_next/static/chunks/node_modules_next_dist_1e8vcs8._.js:776
[  161400ms] [LOG] [Fast Refresh] done in 34ms @ http://localhost:3001/_next/static/chunks/node_modules_next_dist_1e8vcs8._.js:776
[  161471ms] [LOG] [Fast Refresh] done in 34ms @ http://localhost:3001/_next/static/chunks/node_modules_next_dist_1e8vcs8._.js:776
[  161536ms] [LOG] [Fast Refresh] done in 34ms @ http://localhost:3001/_next/static/chunks/node_modules_next_dist_1e8vcs8._.js:776
[  161608ms] [LOG] [Fast Refresh] done in 34ms @ http://localhost:3001/_next/static/chunks/node_modules_next_dist_1e8vcs8._.js:776
[  161663ms] [LOG] [Fast Refresh] done in 34ms @ http://localhost:3001/_next/static/chunks/node_modules_next_dist_1e8vcs8._.js:776
[  161727ms] [LOG] [Fast Refresh] done in 34ms @ http://localhost:3001/_next/static/chunks/node_modules_next_dist_1e8vcs8._.js:776
[  161797ms] [LOG] [Fast Refresh] done in 34ms @ http://localhost:3001/_next/static/chunks/node_modules_next_dist_1e8vcs8._.js:776
[  161873ms] [LOG] [Fast Refresh] done in 34ms @ http://localhost:3001/_next/static/chunks/node_modules_next_dist_1e8vcs8._.js:776
[  161933ms] [LOG] [Fast Refresh] done in 34ms @ http://localhost:3001/_next/static/chunks/node_modules_next_dist_1e8vcs8._.js:776
[  162003ms] [LOG] [Fast Refresh] done in 34ms @ http://localhost:3001/_next/static/chunks/node_modules_next_dist_1e8vcs8._.js:776
[  162057ms] [LOG] [Fast Refresh] done in 34ms @ http://localhost:3001/_next/static/chunks/node_modules_next_dist_1e8vcs8._.js:776
[  162134ms] [LOG] [Fast Refresh] done in 34ms @ http://localhost:3001/_next/static/chunks/node_modules_next_dist_1e8vcs8._.js:776
[  162200ms] [LOG] [Fast Refresh] done in 34ms @ http://localhost:3001/_next/static/chunks/node_modules_next_dist_1e8vcs8._.js:776
[  162250ms] [LOG] [Fast Refresh] done in 34ms @ http://localhost:3001/_next/static/chunks/node_modules_next_dist_1e8vcs8._.js:776
[  162321ms] [LOG] [Fast Refresh] done in 34ms @ http://localhost:3001/_next/static/chunks/node_modules_next_dist_1e8vcs8._.js:776
[  162384ms] [LOG] [Fast Refresh] done in 34ms @ http://localhost:3001/_next/static/chunks/node_modules_next_dist_1e8vcs8._.js:776
[  162454ms] [LOG] [Fast Refresh] done in 34ms @ http://localhost:3001/_next/static/chunks/node_modules_next_dist_1e8vcs8._.js:776
[  162517ms] [LOG] [Fast Refresh] done in 34ms @ http://localhost:3001/_next/static/chunks/node_modules_next_dist_1e8vcs8._.js:776
[  162574ms] [LOG] [Fast Refresh] done in 34ms @ http://localhost:3001/_next/static/chunks/node_modules_next_dist_1e8vcs8._.js:776
[  162656ms] [LOG] [Fast Refresh] done in 34ms @ http://localhost:3001/_next/static/chunks/node_modules_next_dist_1e8vcs8._.js:776
[  162719ms] [LOG] [Fast Refresh] done in 34ms @ http://localhost:3001/_next/static/chunks/node_modules_next_dist_1e8vcs8._.js:776
[  162792ms] [LOG] [Fast Refresh] done in 34ms @ http://localhost:3001/_next/static/chunks/node_modules_next_dist_1e8vcs8._.js:776
[  162853ms] [LOG] [Fast Refresh] done in 34ms @ http://localhost:3001/_next/static/chunks/node_modules_next_dist_1e8vcs8._.js:776
[  162916ms] [LOG] [Fast Refresh] done in 34ms @ http://localhost:3001/_next/static/chunks/node_modules_next_dist_1e8vcs8._.js:776
[  162971ms] [LOG] [Fast Refresh] done in 34ms @ http://localhost:3001/_next/static/chunks/node_modules_next_dist_1e8vcs8._.js:776
[  163033ms] [LOG] [Fast Refresh] done in 34ms @ http://localhost:3001/_next/static/chunks/node_modules_next_dist_1e8vcs8._.js:776
[  163115ms] [LOG] [Fast Refresh] done in 34ms @ http://localhost:3001/_next/static/chunks/node_modules_next_dist_1e8vcs8._.js:776
[  163169ms] [LOG] [Fast Refresh] done in 34ms @ http://localhost:3001/_next/static/chunks/node_modules_next_dist_1e8vcs8._.js:776
[  163223ms] [LOG] [Fast Refresh] done in 34ms @ http://localhost:3001/_next/static/chunks/node_modules_next_dist_1e8vcs8._.js:776
[  163288ms] [LOG] [Fast Refresh] done in 34ms @ http://localhost:3001/_next/static/chunks/node_modules_next_dist_1e8vcs8._.js:776
[  163383ms] [LOG] [Fast Refresh] done in 34ms @ http://localhost:3001/_next/static/chunks/node_modules_next_dist_1e8vcs8._.js:776
[  163454ms] [LOG] [Fast Refresh] done in 34ms @ http://localhost:3001/_next/static/chunks/node_modules_next_dist_1e8vcs8._.js:776
[  163517ms] [LOG] [Fast Refresh] done in 34ms @ http://localhost:3001/_next/static/chunks/node_modules_next_dist_1e8vcs8._.js:776
[  163573ms] [LOG] [Fast Refresh] done in 34ms @ http://localhost:3001/_next/static/chunks/node_modules_next_dist_1e8vcs8._.js:776
[  163655ms] [LOG] [Fast Refresh] done in 34ms @ http://localhost:3001/_next/static/chunks/node_modules_next_dist_1e8vcs8._.js:776
[  163716ms] [LOG] [Fast Refresh] done in 34ms @ http://localhost:3001/_next/static/chunks/node_modules_next_dist_1e8vcs8._.js:776
[  163783ms] [LOG] [Fast Refresh] done in 34ms @ http://localhost:3001/_next/static/chunks/node_modules_next_dist_1e8vcs8._.js:776
[  163870ms] [LOG] [Fast Refresh] done in 34ms @ http://localhost:3001/_next/static/chunks/node_modules_next_dist_1e8vcs8._.js:776
[  163935ms] [LOG] [Fast Refresh] done in 34ms @ http://localhost:3001/_next/static/chunks/node_modules_next_dist_1e8vcs8._.js:776
[  164005ms] [LOG] [Fast Refresh] done in 34ms @ http://localhost:3001/_next/static/chunks/node_modules_next_dist_1e8vcs8._.js:776
[  164072ms] [LOG] [Fast Refresh] done in 34ms @ http://localhost:3001/_next/static/chunks/node_modules_next_dist_1e8vcs8._.js:776
[  164133ms] [LOG] [Fast Refresh] done in 34ms @ http://localhost:3001/_next/static/chunks/node_modules_next_dist_1e8vcs8._.js:776
[  164204ms] [LOG] [Fast Refresh] done in 34ms @ http://localhost:3001/_next/static/chunks/node_modules_next_dist_1e8vcs8._.js:776
[  164272ms] [LOG] [Fast Refresh] done in 34ms @ http://localhost:3001/_next/static/chunks/node_modules_next_dist_1e8vcs8._.js:776
[  164349ms] [LOG] [Fast Refresh] done in 34ms @ http://localhost:3001/_next/static/chunks/node_modules_next_dist_1e8vcs8._.js:776
[  164421ms] [LOG] [Fast Refresh] done in 34ms @ http://localhost:3001/_next/static/chunks/node_modules_next_dist_1e8vcs8._.js:776
[  164491ms] [LOG] [Fast Refresh] done in 34ms @ http://localhost:3001/_next/static/chunks/node_modules_next_dist_1e8vcs8._.js:776
[  164554ms] [LOG] [Fast Refresh] done in 34ms @ http://localhost:3001/_next/static/chunks/node_modules_next_dist_1e8vcs8._.js:776
[  164616ms] [LOG] [Fast Refresh] done in 34ms @ http://localhost:3001/_next/static/chunks/node_modules_next_dist_1e8vcs8._.js:776
[  164682ms] [LOG] [Fast Refresh] done in 34ms @ http://localhost:3001/_next/static/chunks/node_modules_next_dist_1e8vcs8._.js:776
[  164748ms] [LOG] [Fast Refresh] done in 34ms @ http://localhost:3001/_next/static/chunks/node_modules_next_dist_1e8vcs8._.js:776
[  164814ms] [LOG] [Fast Refresh] done in 34ms @ http://localhost:3001/_next/static/chunks/node_modules_next_dist_1e8vcs8._.js:776
[  164872ms] [LOG] [Fast Refresh] done in 34ms @ http://localhost:3001/_next/static/chunks/node_modules_next_dist_1e8vcs8._.js:776
[  164941ms] [LOG] [Fast Refresh] done in 34ms @ http://localhost:3001/_next/static/chunks/node_modules_next_dist_1e8vcs8._.js:776
[  165002ms] [LOG] [Fast Refresh] done in 34ms @ http://localhost:3001/_next/static/chunks/node_modules_next_dist_1e8vcs8._.js:776
[  165072ms] [LOG] [Fast Refresh] done in 34ms @ http://localhost:3001/_next/static/chunks/node_modules_next_dist_1e8vcs8._.js:776
[  165132ms] [LOG] [Fast Refresh] done in 34ms @ http://localhost:3001/_next/static/chunks/node_modules_next_dist_1e8vcs8._.js:776
[  165205ms] [LOG] [Fast Refresh] done in 34ms @ http://localhost:3001/_next/static/chunks/node_modules_next_dist_1e8vcs8._.js:776
[  165266ms] [LOG] [Fast Refresh] done in 34ms @ http://localhost:3001/_next/static/chunks/node_modules_next_dist_1e8vcs8._.js:776
[  165332ms] [LOG] [Fast Refresh] done in 34ms @ http://localhost:3001/_next/static/chunks/node_modules_next_dist_1e8vcs8._.js:776
[  165382ms] [LOG] [Fast Refresh] done in 34ms @ http://localhost:3001/_next/static/chunks/node_modules_next_dist_1e8vcs8._.js:776
[  165449ms] [LOG] [Fast Refresh] done in 34ms @ http://localhost:3001/_next/static/chunks/node_modules_next_dist_1e8vcs8._.js:776
[  165499ms] [LOG] [Fast Refresh] done in 34ms @ http://localhost:3001/_next/static/chunks/node_modules_next_dist_1e8vcs8._.js:776
[  165565ms] [LOG] [Fast Refresh] done in 34ms @ http://localhost:3001/_next/static/chunks/node_modules_next_dist_1e8vcs8._.js:776
[  165632ms] [LOG] [Fast Refresh] done in 34ms @ http://localhost:3001/_next/static/chunks/node_modules_next_dist_1e8vcs8._.js:776
[  165702ms] [LOG] [Fast Refresh] done in 34ms @ http://localhost:3001/_next/static/chunks/node_modules_next_dist_1e8vcs8._.js:776
[  165770ms] [LOG] [Fast Refresh] done in 34ms @ http://localhost:3001/_next/static/chunks/node_modules_next_dist_1e8vcs8._.js:776
[  165837ms] [LOG] [Fast Refresh] done in 34ms @ http://localhost:3001/_next/static/chunks/node_modules_next_dist_1e8vcs8._.js:776
[  165903ms] [LOG] [Fast Refresh] done in 34ms @ http://localhost:3001/_next/static/chunks/node_modules_next_dist_1e8vcs8._.js:776
[  165967ms] [LOG] [Fast Refresh] done in 34ms @ http://localhost:3001/_next/static/chunks/node_modules_next_dist_1e8vcs8._.js:776
[  166032ms] [LOG] [Fast Refresh] done in 34ms @ http://localhost:3001/_next/static/chunks/node_modules_next_dist_1e8vcs8._.js:776
[  166101ms] [LOG] [Fast Refresh] done in 34ms @ http://localhost:3001/_next/static/chunks/node_modules_next_dist_1e8vcs8._.js:776
[  166165ms] [LOG] [Fast Refresh] done in 34ms @ http://localhost:3001/_next/static/chunks/node_modules_next_dist_1e8vcs8._.js:776
[  166232ms] [LOG] [Fast Refresh] done in 34ms @ http://localhost:3001/_next/static/chunks/node_modules_next_dist_1e8vcs8._.js:776
[  166286ms] [LOG] [Fast Refresh] done in 34ms @ http://localhost:3001/_next/static/chunks/node_modules_next_dist_1e8vcs8._.js:776
[  166351ms] [LOG] [Fast Refresh] done in 34ms @ http://localhost:3001/_next/static/chunks/node_modules_next_dist_1e8vcs8._.js:776
[  166415ms] [LOG] [Fast Refresh] done in 34ms @ http://localhost:3001/_next/static/chunks/node_modules_next_dist_1e8vcs8._.js:776
[  166466ms] [LOG] [Fast Refresh] done in 34ms @ http://localhost:3001/_next/static/chunks/node_modules_next_dist_1e8vcs8._.js:776
[  166537ms] [LOG] [Fast Refresh] done in 34ms @ http://localhost:3001/_next/static/chunks/node_modules_next_dist_1e8vcs8._.js:776
[  166600ms] [LOG] [Fast Refresh] done in 34ms @ http://localhost:3001/_next/static/chunks/node_modules_next_dist_1e8vcs8._.js:776
[  166671ms] [LOG] [Fast Refresh] done in 34ms @ http://localhost:3001/_next/static/chunks/node_modules_next_dist_1e8vcs8._.js:776
[  166734ms] [LOG] [Fast Refresh] done in 34ms @ http://localhost:3001/_next/static/chunks/node_modules_next_dist_1e8vcs8._.js:776
[  166799ms] [LOG] [Fast Refresh] done in 34ms @ http://localhost:3001/_next/static/chunks/node_modules_next_dist_1e8vcs8._.js:776
[  166851ms] [LOG] [Fast Refresh] done in 34ms @ http://localhost:3001/_next/static/chunks/node_modules_next_dist_1e8vcs8._.js:776
[  166915ms] [LOG] [Fast Refresh] done in 34ms @ http://localhost:3001/_next/static/chunks/node_modules_next_dist_1e8vcs8._.js:776
[  166968ms] [LOG] [Fast Refresh] done in 34ms @ http://localhost:3001/_next/static/chunks/node_modules_next_dist_1e8vcs8._.js:776
[  167033ms] [LOG] [Fast Refresh] done in 34ms @ http://localhost:3001/_next/static/chunks/node_modules_next_dist_1e8vcs8._.js:776
[  167103ms] [LOG] [Fast Refresh] done in 34ms @ http://localhost:3001/_next/static/chunks/node_modules_next_dist_1e8vcs8._.js:776
[  167165ms] [LOG] [Fast Refresh] done in 34ms @ http://localhost:3001/_next/static/chunks/node_modules_next_dist_1e8vcs8._.js:776
[  167215ms] [LOG] [Fast Refresh] done in 34ms @ http://localhost:3001/_next/static/chunks/node_modules_next_dist_1e8vcs8._.js:776
[  167284ms] [LOG] [Fast Refresh] done in 34ms @ http://localhost:3001/_next/static/chunks/node_modules_next_dist_1e8vcs8._.js:776
[  167348ms] [LOG] [Fast Refresh] done in 34ms @ http://localhost:3001/_next/static/chunks/node_modules_next_dist_1e8vcs8._.js:776
[  167401ms] [LOG] [Fast Refresh] done in 34ms @ http://localhost:3001/_next/static/chunks/node_modules_next_dist_1e8vcs8._.js:776
[  167471ms] [LOG] [Fast Refresh] done in 34ms @ http://localhost:3001/_next/static/chunks/node_modules_next_dist_1e8vcs8._.js:776
[  167532ms] [LOG] [Fast Refresh] done in 34ms @ http://localhost:3001/_next/static/chunks/node_modules_next_dist_1e8vcs8._.js:776
[  167599ms] [LOG] [Fast Refresh] done in 34ms @ http://localhost:3001/_next/static/chunks/node_modules_next_dist_1e8vcs8._.js:776
[  167665ms] [LOG] [Fast Refresh] done in 34ms @ http://localhost:3001/_next/static/chunks/node_modules_next_dist_1e8vcs8._.js:776
[  167718ms] [LOG] [Fast Refresh] done in 34ms @ http://localhost:3001/_next/static/chunks/node_modules_next_dist_1e8vcs8._.js:776
[  167784ms] [LOG] [Fast Refresh] done in 34ms @ http://localhost:3001/_next/static/chunks/node_modules_next_dist_1e8vcs8._.js:776
[  167847ms] [LOG] [Fast Refresh] done in 34ms @ http://localhost:3001/_next/static/chunks/node_modules_next_dist_1e8vcs8._.js:776
[  167900ms] [LOG] [Fast Refresh] done in 34ms @ http://localhost:3001/_next/static/chunks/node_modules_next_dist_1e8vcs8._.js:776
[  167968ms] [LOG] [Fast Refresh] done in 34ms @ http://localhost:3001/_next/static/chunks/node_modules_next_dist_1e8vcs8._.js:776
[  168032ms] [LOG] [Fast Refresh] done in 34ms @ http://localhost:3001/_next/static/chunks/node_modules_next_dist_1e8vcs8._.js:776
[  168134ms] [LOG] [Fast Refresh] done in 34ms @ http://localhost:3001/_next/static/chunks/node_modules_next_dist_1e8vcs8._.js:776
[  168198ms] [LOG] [Fast Refresh] done in 34ms @ http://localhost:3001/_next/static/chunks/node_modules_next_dist_1e8vcs8._.js:776
[  168265ms] [LOG] [Fast Refresh] done in 34ms @ http://localhost:3001/_next/static/chunks/node_modules_next_dist_1e8vcs8._.js:776
[  168334ms] [LOG] [Fast Refresh] done in 34ms @ http://localhost:3001/_next/static/chunks/node_modules_next_dist_1e8vcs8._.js:776
[  168398ms] [LOG] [Fast Refresh] done in 34ms @ http://localhost:3001/_next/static/chunks/node_modules_next_dist_1e8vcs8._.js:776
[  168469ms] [LOG] [Fast Refresh] done in 34ms @ http://localhost:3001/_next/static/chunks/node_modules_next_dist_1e8vcs8._.js:776
[  168532ms] [LOG] [Fast Refresh] done in 34ms @ http://localhost:3001/_next/static/chunks/node_modules_next_dist_1e8vcs8._.js:776
[  168599ms] [LOG] [Fast Refresh] done in 34ms @ http://localhost:3001/_next/static/chunks/node_modules_next_dist_1e8vcs8._.js:776
[  168664ms] [LOG] [Fast Refresh] done in 34ms @ http://localhost:3001/_next/static/chunks/node_modules_next_dist_1e8vcs8._.js:776
[  168717ms] [LOG] [Fast Refresh] done in 34ms @ http://localhost:3001/_next/static/chunks/node_modules_next_dist_1e8vcs8._.js:776
[  168788ms] [LOG] [Fast Refresh] done in 34ms @ http://localhost:3001/_next/static/chunks/node_modules_next_dist_1e8vcs8._.js:776
[  168850ms] [LOG] [Fast Refresh] done in 34ms @ http://localhost:3001/_next/static/chunks/node_modules_next_dist_1e8vcs8._.js:776
[  168916ms] [LOG] [Fast Refresh] done in 34ms @ http://localhost:3001/_next/static/chunks/node_modules_next_dist_1e8vcs8._.js:776
[  168986ms] [LOG] [Fast Refresh] done in 34ms @ http://localhost:3001/_next/static/chunks/node_modules_next_dist_1e8vcs8._.js:776
[  169054ms] [LOG] [Fast Refresh] done in 34ms @ http://localhost:3001/_next/static/chunks/node_modules_next_dist_1e8vcs8._.js:776
[  169117ms] [LOG] [Fast Refresh] done in 34ms @ http://localhost:3001/_next/static/chunks/node_modules_next_dist_1e8vcs8._.js:776
[  169181ms] [LOG] [Fast Refresh] done in 34ms @ http://localhost:3001/_next/static/chunks/node_modules_next_dist_1e8vcs8._.js:776
[  169236ms] [LOG] [Fast Refresh] done in 34ms @ http://localhost:3001/_next/static/chunks/node_modules_next_dist_1e8vcs8._.js:776
[  169298ms] [LOG] [Fast Refresh] done in 34ms @ http://localhost:3001/_next/static/chunks/node_modules_next_dist_1e8vcs8._.js:776
[  169363ms] [LOG] [Fast Refresh] done in 34ms @ http://localhost:3001/_next/static/chunks/node_modules_next_dist_1e8vcs8._.js:776
[  169456ms] [LOG] [Fast Refresh] done in 34ms @ http://localhost:3001/_next/static/chunks/node_modules_next_dist_1e8vcs8._.js:776
[  169514ms] [LOG] [Fast Refresh] done in 34ms @ http://localhost:3001/_next/static/chunks/node_modules_next_dist_1e8vcs8._.js:776
[  169564ms] [LOG] [Fast Refresh] done in 34ms @ http://localhost:3001/_next/static/chunks/node_modules_next_dist_1e8vcs8._.js:776
[  169630ms] [LOG] [Fast Refresh] done in 34ms @ http://localhost:3001/_next/static/chunks/node_modules_next_dist_1e8vcs8._.js:776
[  169698ms] [LOG] [Fast Refresh] done in 34ms @ http://localhost:3001/_next/static/chunks/node_modules_next_dist_1e8vcs8._.js:776
[  169765ms] [LOG] [Fast Refresh] done in 34ms @ http://localhost:3001/_next/static/chunks/node_modules_next_dist_1e8vcs8._.js:776
[  169817ms] [LOG] [Fast Refresh] done in 34ms @ http://localhost:3001/_next/static/chunks/node_modules_next_dist_1e8vcs8._.js:776
[  169881ms] [LOG] [Fast Refresh] done in 34ms @ http://localhost:3001/_next/static/chunks/node_modules_next_dist_1e8vcs8._.js:776
[  169948ms] [LOG] [Fast Refresh] done in 34ms @ http://localhost:3001/_next/static/chunks/node_modules_next_dist_1e8vcs8._.js:776
[  170001ms] [LOG] [Fast Refresh] done in 34ms @ http://localhost:3001/_next/static/chunks/node_modules_next_dist_1e8vcs8._.js:776
[  170064ms] [LOG] [Fast Refresh] done in 34ms @ http://localhost:3001/_next/static/chunks/node_modules_next_dist_1e8vcs8._.js:776
[  170115ms] [LOG] [Fast Refresh] done in 34ms @ http://localhost:3001/_next/static/chunks/node_modules_next_dist_1e8vcs8._.js:776
[  170168ms] [LOG] [Fast Refresh] done in 34ms @ http://localhost:3001/_next/static/chunks/node_modules_next_dist_1e8vcs8._.js:776
[  170231ms] [LOG] [Fast Refresh] done in 34ms @ http://localhost:3001/_next/static/chunks/node_modules_next_dist_1e8vcs8._.js:776
[  170299ms] [LOG] [Fast Refresh] done in 34ms @ http://localhost:3001/_next/static/chunks/node_modules_next_dist_1e8vcs8._.js:776
[  170367ms] [LOG] [Fast Refresh] done in 34ms @ http://localhost:3001/_next/static/chunks/node_modules_next_dist_1e8vcs8._.js:776
[  170418ms] [LOG] [Fast Refresh] done in 34ms @ http://localhost:3001/_next/static/chunks/node_modules_next_dist_1e8vcs8._.js:776
[  170467ms] [LOG] [Fast Refresh] done in 34ms @ http://localhost:3001/_next/static/chunks/node_modules_next_dist_1e8vcs8._.js:776
[  170532ms] [LOG] [Fast Refresh] done in 34ms @ http://localhost:3001/_next/static/chunks/node_modules_next_dist_1e8vcs8._.js:776
[  170620ms] [LOG] [Fast Refresh] done in 34ms @ http://localhost:3001/_next/static/chunks/node_modules_next_dist_1e8vcs8._.js:776
[  170700ms] [LOG] [Fast Refresh] done in 34ms @ http://localhost:3001/_next/static/chunks/node_modules_next_dist_1e8vcs8._.js:776
[  170763ms] [LOG] [Fast Refresh] done in 34ms @ http://localhost:3001/_next/static/chunks/node_modules_next_dist_1e8vcs8._.js:776
[  170836ms] [LOG] [Fast Refresh] done in 34ms @ http://localhost:3001/_next/static/chunks/node_modules_next_dist_1e8vcs8._.js:776
[  170902ms] [LOG] [Fast Refresh] done in 34ms @ http://localhost:3001/_next/static/chunks/node_modules_next_dist_1e8vcs8._.js:776
[  170951ms] [LOG] [Fast Refresh] done in 34ms @ http://localhost:3001/_next/static/chunks/node_modules_next_dist_1e8vcs8._.js:776
[  171015ms] [LOG] [Fast Refresh] done in 34ms @ http://localhost:3001/_next/static/chunks/node_modules_next_dist_1e8vcs8._.js:776
[  171081ms] [LOG] [Fast Refresh] done in 34ms @ http://localhost:3001/_next/static/chunks/node_modules_next_dist_1e8vcs8._.js:776
[  171152ms] [LOG] [Fast Refresh] done in 34ms @ http://localhost:3001/_next/static/chunks/node_modules_next_dist_1e8vcs8._.js:776
[  171214ms] [LOG] [Fast Refresh] done in 34ms @ http://localhost:3001/_next/static/chunks/node_modules_next_dist_1e8vcs8._.js:776
[  171280ms] [LOG] [Fast Refresh] done in 34ms @ http://localhost:3001/_next/static/chunks/node_modules_next_dist_1e8vcs8._.js:776
[  171350ms] [LOG] [Fast Refresh] done in 34ms @ http://localhost:3001/_next/static/chunks/node_modules_next_dist_1e8vcs8._.js:776
[  171414ms] [LOG] [Fast Refresh] done in 34ms @ http://localhost:3001/_next/static/chunks/node_modules_next_dist_1e8vcs8._.js:776
[  171484ms] [LOG] [Fast Refresh] done in 34ms @ http://localhost:3001/_next/static/chunks/node_modules_next_dist_1e8vcs8._.js:776
[  171554ms] [LOG] [Fast Refresh] done in 34ms @ http://localhost:3001/_next/static/chunks/node_modules_next_dist_1e8vcs8._.js:776
[  171618ms] [LOG] [Fast Refresh] done in 34ms @ http://localhost:3001/_next/static/chunks/node_modules_next_dist_1e8vcs8._.js:776
[  171687ms] [LOG] [Fast Refresh] done in 34ms @ http://localhost:3001/_next/static/chunks/node_modules_next_dist_1e8vcs8._.js:776
[  171749ms] [LOG] [Fast Refresh] done in 34ms @ http://localhost:3001/_next/static/chunks/node_modules_next_dist_1e8vcs8._.js:776
[  171814ms] [LOG] [Fast Refresh] done in 34ms @ http://localhost:3001/_next/static/chunks/node_modules_next_dist_1e8vcs8._.js:776
[  171890ms] [LOG] [Fast Refresh] done in 34ms @ http://localhost:3001/_next/static/chunks/node_modules_next_dist_1e8vcs8._.js:776
[  171948ms] [LOG] [Fast Refresh] done in 34ms @ http://localhost:3001/_next/static/chunks/node_modules_next_dist_1e8vcs8._.js:776
[  172014ms] [LOG] [Fast Refresh] done in 34ms @ http://localhost:3001/_next/static/chunks/node_modules_next_dist_1e8vcs8._.js:776
[  172084ms] [LOG] [Fast Refresh] done in 34ms @ http://localhost:3001/_next/static/chunks/node_modules_next_dist_1e8vcs8._.js:776
[  172160ms] [LOG] [Fast Refresh] done in 34ms @ http://localhost:3001/_next/static/chunks/node_modules_next_dist_1e8vcs8._.js:776
[  172255ms] [LOG] [Fast Refresh] done in 34ms @ http://localhost:3001/_next/static/chunks/node_modules_next_dist_1e8vcs8._.js:776
[  172335ms] [LOG] [Fast Refresh] done in 34ms @ http://localhost:3001/_next/static/chunks/node_modules_next_dist_1e8vcs8._.js:776
[  172403ms] [LOG] [Fast Refresh] done in 34ms @ http://localhost:3001/_next/static/chunks/node_modules_next_dist_1e8vcs8._.js:776
[  172464ms] [LOG] [Fast Refresh] done in 34ms @ http://localhost:3001/_next/static/chunks/node_modules_next_dist_1e8vcs8._.js:776
[  172536ms] [LOG] [Fast Refresh] done in 34ms @ http://localhost:3001/_next/static/chunks/node_modules_next_dist_1e8vcs8._.js:776
[  172602ms] [LOG] [Fast Refresh] done in 34ms @ http://localhost:3001/_next/static/chunks/node_modules_next_dist_1e8vcs8._.js:776
[  172664ms] [LOG] [Fast Refresh] done in 34ms @ http://localhost:3001/_next/static/chunks/node_modules_next_dist_1e8vcs8._.js:776
[  172729ms] [LOG] [Fast Refresh] done in 34ms @ http://localhost:3001/_next/static/chunks/node_modules_next_dist_1e8vcs8._.js:776
[  172797ms] [LOG] [Fast Refresh] done in 34ms @ http://localhost:3001/_next/static/chunks/node_modules_next_dist_1e8vcs8._.js:776
[  172868ms] [LOG] [Fast Refresh] done in 34ms @ http://localhost:3001/_next/static/chunks/node_modules_next_dist_1e8vcs8._.js:776
[  172931ms] [LOG] [Fast Refresh] done in 34ms @ http://localhost:3001/_next/static/chunks/node_modules_next_dist_1e8vcs8._.js:776
[  173001ms] [LOG] [Fast Refresh] done in 34ms @ http://localhost:3001/_next/static/chunks/node_modules_next_dist_1e8vcs8._.js:776
[  173079ms] [LOG] [Fast Refresh] done in 34ms @ http://localhost:3001/_next/static/chunks/node_modules_next_dist_1e8vcs8._.js:776
[  173152ms] [LOG] [Fast Refresh] done in 34ms @ http://localhost:3001/_next/static/chunks/node_modules_next_dist_1e8vcs8._.js:776
[  173218ms] [LOG] [Fast Refresh] done in 34ms @ http://localhost:3001/_next/static/chunks/node_modules_next_dist_1e8vcs8._.js:776
[  173285ms] [LOG] [Fast Refresh] done in 34ms @ http://localhost:3001/_next/static/chunks/node_modules_next_dist_1e8vcs8._.js:776
[  173353ms] [LOG] [Fast Refresh] done in 34ms @ http://localhost:3001/_next/static/chunks/node_modules_next_dist_1e8vcs8._.js:776
[  173418ms] [LOG] [Fast Refresh] done in 34ms @ http://localhost:3001/_next/static/chunks/node_modules_next_dist_1e8vcs8._.js:776
[  173473ms] [LOG] [Fast Refresh] done in 34ms @ http://localhost:3001/_next/static/chunks/node_modules_next_dist_1e8vcs8._.js:776
[  173547ms] [LOG] [Fast Refresh] done in 34ms @ http://localhost:3001/_next/static/chunks/node_modules_next_dist_1e8vcs8._.js:776
[  173619ms] [LOG] [Fast Refresh] done in 34ms @ http://localhost:3001/_next/static/chunks/node_modules_next_dist_1e8vcs8._.js:776
[  173680ms] [LOG] [Fast Refresh] done in 34ms @ http://localhost:3001/_next/static/chunks/node_modules_next_dist_1e8vcs8._.js:776
[  173751ms] [LOG] [Fast Refresh] done in 34ms @ http://localhost:3001/_next/static/chunks/node_modules_next_dist_1e8vcs8._.js:776
[  173814ms] [LOG] [Fast Refresh] done in 34ms @ http://localhost:3001/_next/static/chunks/node_modules_next_dist_1e8vcs8._.js:776
[  173881ms] [LOG] [Fast Refresh] done in 34ms @ http://localhost:3001/_next/static/chunks/node_modules_next_dist_1e8vcs8._.js:776
[  173947ms] [LOG] [Fast Refresh] done in 34ms @ http://localhost:3001/_next/static/chunks/node_modules_next_dist_1e8vcs8._.js:776
[  174018ms] [LOG] [Fast Refresh] done in 34ms @ http://localhost:3001/_next/static/chunks/node_modules_next_dist_1e8vcs8._.js:776
[  174088ms] [LOG] [Fast Refresh] done in 34ms @ http://localhost:3001/_next/static/chunks/node_modules_next_dist_1e8vcs8._.js:776
[  174163ms] [LOG] [Fast Refresh] done in 34ms @ http://localhost:3001/_next/static/chunks/node_modules_next_dist_1e8vcs8._.js:776
[  174218ms] [LOG] [Fast Refresh] done in 34ms @ http://localhost:3001/_next/static/chunks/node_modules_next_dist_1e8vcs8._.js:776
[  174285ms] [LOG] [Fast Refresh] done in 34ms @ http://localhost:3001/_next/static/chunks/node_modules_next_dist_1e8vcs8._.js:776
[  174351ms] [LOG] [Fast Refresh] done in 34ms @ http://localhost:3001/_next/static/chunks/node_modules_next_dist_1e8vcs8._.js:776
[  174418ms] [LOG] [Fast Refresh] done in 34ms @ http://localhost:3001/_next/static/chunks/node_modules_next_dist_1e8vcs8._.js:776
[  174484ms] [LOG] [Fast Refresh] done in 34ms @ http://localhost:3001/_next/static/chunks/node_modules_next_dist_1e8vcs8._.js:776
[  174551ms] [LOG] [Fast Refresh] done in 34ms @ http://localhost:3001/_next/static/chunks/node_modules_next_dist_1e8vcs8._.js:776
[  174620ms] [LOG] [Fast Refresh] done in 34ms @ http://localhost:3001/_next/static/chunks/node_modules_next_dist_1e8vcs8._.js:776
[  174684ms] [LOG] [Fast Refresh] done in 34ms @ http://localhost:3001/_next/static/chunks/node_modules_next_dist_1e8vcs8._.js:776
[  174750ms] [LOG] [Fast Refresh] done in 34ms @ http://localhost:3001/_next/static/chunks/node_modules_next_dist_1e8vcs8._.js:776
[  174818ms] [LOG] [Fast Refresh] done in 34ms @ http://localhost:3001/_next/static/chunks/node_modules_next_dist_1e8vcs8._.js:776
[  174880ms] [LOG] [Fast Refresh] done in 34ms @ http://localhost:3001/_next/static/chunks/node_modules_next_dist_1e8vcs8._.js:776
[  174950ms] [LOG] [Fast Refresh] done in 34ms @ http://localhost:3001/_next/static/chunks/node_modules_next_dist_1e8vcs8._.js:776
[  175019ms] [LOG] [Fast Refresh] done in 34ms @ http://localhost:3001/_next/static/chunks/node_modules_next_dist_1e8vcs8._.js:776
[  175080ms] [LOG] [Fast Refresh] done in 34ms @ http://localhost:3001/_next/static/chunks/node_modules_next_dist_1e8vcs8._.js:776
[  175148ms] [LOG] [Fast Refresh] done in 34ms @ http://localhost:3001/_next/static/chunks/node_modules_next_dist_1e8vcs8._.js:776
[  175220ms] [LOG] [Fast Refresh] done in 34ms @ http://localhost:3001/_next/static/chunks/node_modules_next_dist_1e8vcs8._.js:776
[  175283ms] [LOG] [Fast Refresh] done in 34ms @ http://localhost:3001/_next/static/chunks/node_modules_next_dist_1e8vcs8._.js:776
[  175347ms] [LOG] [Fast Refresh] done in 34ms @ http://localhost:3001/_next/static/chunks/node_modules_next_dist_1e8vcs8._.js:776
[  175414ms] [LOG] [Fast Refresh] done in 34ms @ http://localhost:3001/_next/static/chunks/node_modules_next_dist_1e8vcs8._.js:776
[  175466ms] [LOG] [Fast Refresh] done in 34ms @ http://localhost:3001/_next/static/chunks/node_modules_next_dist_1e8vcs8._.js:776
[  175530ms] [LOG] [Fast Refresh] done in 34ms @ http://localhost:3001/_next/static/chunks/node_modules_next_dist_1e8vcs8._.js:776
[  175600ms] [LOG] [Fast Refresh] done in 34ms @ http://localhost:3001/_next/static/chunks/node_modules_next_dist_1e8vcs8._.js:776
[  175665ms] [LOG] [Fast Refresh] done in 34ms @ http://localhost:3001/_next/static/chunks/node_modules_next_dist_1e8vcs8._.js:776
[  175736ms] [LOG] [Fast Refresh] done in 34ms @ http://localhost:3001/_next/static/chunks/node_modules_next_dist_1e8vcs8._.js:776
[  175796ms] [LOG] [Fast Refresh] done in 34ms @ http://localhost:3001/_next/static/chunks/node_modules_next_dist_1e8vcs8._.js:776
[  175867ms] [LOG] [Fast Refresh] done in 34ms @ http://localhost:3001/_next/static/chunks/node_modules_next_dist_1e8vcs8._.js:776
[  175915ms] [LOG] [Fast Refresh] done in 34ms @ http://localhost:3001/_next/static/chunks/node_modules_next_dist_1e8vcs8._.js:776
[  175980ms] [LOG] [Fast Refresh] done in 34ms @ http://localhost:3001/_next/static/chunks/node_modules_next_dist_1e8vcs8._.js:776
[  176051ms] [LOG] [Fast Refresh] done in 34ms @ http://localhost:3001/_next/static/chunks/node_modules_next_dist_1e8vcs8._.js:776
[  176112ms] [LOG] [Fast Refresh] done in 34ms @ http://localhost:3001/_next/static/chunks/node_modules_next_dist_1e8vcs8._.js:776
[  176184ms] [LOG] [Fast Refresh] done in 34ms @ http://localhost:3001/_next/static/chunks/node_modules_next_dist_1e8vcs8._.js:776
[  176246ms] [LOG] [Fast Refresh] done in 34ms @ http://localhost:3001/_next/static/chunks/node_modules_next_dist_1e8vcs8._.js:776
[  176312ms] [LOG] [Fast Refresh] done in 34ms @ http://localhost:3001/_next/static/chunks/node_modules_next_dist_1e8vcs8._.js:776
[  176379ms] [LOG] [Fast Refresh] done in 34ms @ http://localhost:3001/_next/static/chunks/node_modules_next_dist_1e8vcs8._.js:776
[  176449ms] [LOG] [Fast Refresh] done in 34ms @ http://localhost:3001/_next/static/chunks/node_modules_next_dist_1e8vcs8._.js:776
[  176519ms] [LOG] [Fast Refresh] done in 34ms @ http://localhost:3001/_next/static/chunks/node_modules_next_dist_1e8vcs8._.js:776
[  176586ms] [LOG] [Fast Refresh] done in 34ms @ http://localhost:3001/_next/static/chunks/node_modules_next_dist_1e8vcs8._.js:776
[  176634ms] [LOG] [Fast Refresh] done in 34ms @ http://localhost:3001/_next/static/chunks/node_modules_next_dist_1e8vcs8._.js:776
[  176699ms] [LOG] [Fast Refresh] done in 34ms @ http://localhost:3001/_next/static/chunks/node_modules_next_dist_1e8vcs8._.js:776
[  176769ms] [LOG] [Fast Refresh] done in 34ms @ http://localhost:3001/_next/static/chunks/node_modules_next_dist_1e8vcs8._.js:776
[  176832ms] [LOG] [Fast Refresh] done in 34ms @ http://localhost:3001/_next/static/chunks/node_modules_next_dist_1e8vcs8._.js:776
[  176896ms] [LOG] [Fast Refresh] done in 34ms @ http://localhost:3001/_next/static/chunks/node_modules_next_dist_1e8vcs8._.js:776
[  176968ms] [LOG] [Fast Refresh] done in 34ms @ http://localhost:3001/_next/static/chunks/node_modules_next_dist_1e8vcs8._.js:776
[  177032ms] [LOG] [Fast Refresh] done in 34ms @ http://localhost:3001/_next/static/chunks/node_modules_next_dist_1e8vcs8._.js:776
[  177097ms] [LOG] [Fast Refresh] done in 34ms @ http://localhost:3001/_next/static/chunks/node_modules_next_dist_1e8vcs8._.js:776
[  177162ms] [LOG] [Fast Refresh] done in 34ms @ http://localhost:3001/_next/static/chunks/node_modules_next_dist_1e8vcs8._.js:776
[  177233ms] [LOG] [Fast Refresh] done in 34ms @ http://localhost:3001/_next/static/chunks/node_modules_next_dist_1e8vcs8._.js:776
[  177284ms] [LOG] [Fast Refresh] done in 34ms @ http://localhost:3001/_next/static/chunks/node_modules_next_dist_1e8vcs8._.js:776
[  177348ms] [LOG] [Fast Refresh] done in 34ms @ http://localhost:3001/_next/static/chunks/node_modules_next_dist_1e8vcs8._.js:776
[  177416ms] [LOG] [Fast Refresh] done in 34ms @ http://localhost:3001/_next/static/chunks/node_modules_next_dist_1e8vcs8._.js:776
[  177481ms] [LOG] [Fast Refresh] done in 34ms @ http://localhost:3001/_next/static/chunks/node_modules_next_dist_1e8vcs8._.js:776
[  177535ms] [LOG] [Fast Refresh] done in 34ms @ http://localhost:3001/_next/static/chunks/node_modules_next_dist_1e8vcs8._.js:776
[  177599ms] [LOG] [Fast Refresh] done in 34ms @ http://localhost:3001/_next/static/chunks/node_modules_next_dist_1e8vcs8._.js:776
[  177663ms] [LOG] [Fast Refresh] done in 34ms @ http://localhost:3001/_next/static/chunks/node_modules_next_dist_1e8vcs8._.js:776
[  177729ms] [LOG] [Fast Refresh] done in 34ms @ http://localhost:3001/_next/static/chunks/node_modules_next_dist_1e8vcs8._.js:776
[  177798ms] [LOG] [Fast Refresh] done in 34ms @ http://localhost:3001/_next/static/chunks/node_modules_next_dist_1e8vcs8._.js:776
[  177868ms] [LOG] [Fast Refresh] done in 34ms @ http://localhost:3001/_next/static/chunks/node_modules_next_dist_1e8vcs8._.js:776
[  177936ms] [LOG] [Fast Refresh] done in 34ms @ http://localhost:3001/_next/static/chunks/node_modules_next_dist_1e8vcs8._.js:776
[  177984ms] [LOG] [Fast Refresh] done in 34ms @ http://localhost:3001/_next/static/chunks/node_modules_next_dist_1e8vcs8._.js:776
[  178046ms] [LOG] [Fast Refresh] done in 34ms @ http://localhost:3001/_next/static/chunks/node_modules_next_dist_1e8vcs8._.js:776
[  178115ms] [LOG] [Fast Refresh] done in 34ms @ http://localhost:3001/_next/static/chunks/node_modules_next_dist_1e8vcs8._.js:776
[  178179ms] [LOG] [Fast Refresh] done in 34ms @ http://localhost:3001/_next/static/chunks/node_modules_next_dist_1e8vcs8._.js:776
[  178244ms] [LOG] [Fast Refresh] done in 34ms @ http://localhost:3001/_next/static/chunks/node_modules_next_dist_1e8vcs8._.js:776
[  178316ms] [LOG] [Fast Refresh] done in 34ms @ http://localhost:3001/_next/static/chunks/node_modules_next_dist_1e8vcs8._.js:776
[  178385ms] [LOG] [Fast Refresh] done in 34ms @ http://localhost:3001/_next/static/chunks/node_modules_next_dist_1e8vcs8._.js:776
[  178446ms] [LOG] [Fast Refresh] done in 34ms @ http://localhost:3001/_next/static/chunks/node_modules_next_dist_1e8vcs8._.js:776
[  178516ms] [LOG] [Fast Refresh] done in 34ms @ http://localhost:3001/_next/static/chunks/node_modules_next_dist_1e8vcs8._.js:776
[  178562ms] [LOG] [Fast Refresh] done in 34ms @ http://localhost:3001/_next/static/chunks/node_modules_next_dist_1e8vcs8._.js:776
[  178616ms] [LOG] [Fast Refresh] done in 34ms @ http://localhost:3001/_next/static/chunks/node_modules_next_dist_1e8vcs8._.js:776
[  178679ms] [LOG] [Fast Refresh] done in 34ms @ http://localhost:3001/_next/static/chunks/node_modules_next_dist_1e8vcs8._.js:776
[  178750ms] [LOG] [Fast Refresh] done in 34ms @ http://localhost:3001/_next/static/chunks/node_modules_next_dist_1e8vcs8._.js:776
[  178812ms] [LOG] [Fast Refresh] done in 34ms @ http://localhost:3001/_next/static/chunks/node_modules_next_dist_1e8vcs8._.js:776
[  178879ms] [LOG] [Fast Refresh] done in 34ms @ http://localhost:3001/_next/static/chunks/node_modules_next_dist_1e8vcs8._.js:776
[  178945ms] [LOG] [Fast Refresh] done in 34ms @ http://localhost:3001/_next/static/chunks/node_modules_next_dist_1e8vcs8._.js:776
[  179013ms] [LOG] [Fast Refresh] done in 34ms @ http://localhost:3001/_next/static/chunks/node_modules_next_dist_1e8vcs8._.js:776
[  179066ms] [LOG] [Fast Refresh] done in 34ms @ http://localhost:3001/_next/static/chunks/node_modules_next_dist_1e8vcs8._.js:776
[  179132ms] [LOG] [Fast Refresh] done in 34ms @ http://localhost:3001/_next/static/chunks/node_modules_next_dist_1e8vcs8._.js:776
[  179202ms] [LOG] [Fast Refresh] done in 34ms @ http://localhost:3001/_next/static/chunks/node_modules_next_dist_1e8vcs8._.js:776
[  179249ms] [LOG] [Fast Refresh] done in 34ms @ http://localhost:3001/_next/static/chunks/node_modules_next_dist_1e8vcs8._.js:776
[  179316ms] [LOG] [Fast Refresh] done in 34ms @ http://localhost:3001/_next/static/chunks/node_modules_next_dist_1e8vcs8._.js:776
[  179384ms] [LOG] [Fast Refresh] done in 34ms @ http://localhost:3001/_next/static/chunks/node_modules_next_dist_1e8vcs8._.js:776
[  179445ms] [LOG] [Fast Refresh] done in 34ms @ http://localhost:3001/_next/static/chunks/node_modules_next_dist_1e8vcs8._.js:776
[  179512ms] [LOG] [Fast Refresh] done in 34ms @ http://localhost:3001/_next/static/chunks/node_modules_next_dist_1e8vcs8._.js:776
[  179583ms] [LOG] [Fast Refresh] done in 34ms @ http://localhost:3001/_next/static/chunks/node_modules_next_dist_1e8vcs8._.js:776
[  179645ms] [LOG] [Fast Refresh] done in 34ms @ http://localhost:3001/_next/static/chunks/node_modules_next_dist_1e8vcs8._.js:776
[  179715ms] [LOG] [Fast Refresh] done in 34ms @ http://localhost:3001/_next/static/chunks/node_modules_next_dist_1e8vcs8._.js:776
[  179778ms] [LOG] [Fast Refresh] done in 34ms @ http://localhost:3001/_next/static/chunks/node_modules_next_dist_1e8vcs8._.js:776
[  179848ms] [LOG] [Fast Refresh] done in 34ms @ http://localhost:3001/_next/static/chunks/node_modules_next_dist_1e8vcs8._.js:776
[  179917ms] [LOG] [Fast Refresh] done in 34ms @ http://localhost:3001/_next/static/chunks/node_modules_next_dist_1e8vcs8._.js:776
[  179979ms] [LOG] [Fast Refresh] done in 34ms @ http://localhost:3001/_next/static/chunks/node_modules_next_dist_1e8vcs8._.js:776
[  180031ms] [LOG] [Fast Refresh] done in 34ms @ http://localhost:3001/_next/static/chunks/node_modules_next_dist_1e8vcs8._.js:776
[  180083ms] [LOG] [Fast Refresh] done in 34ms @ http://localhost:3001/_next/static/chunks/node_modules_next_dist_1e8vcs8._.js:776
[  180149ms] [LOG] [Fast Refresh] done in 34ms @ http://localhost:3001/_next/static/chunks/node_modules_next_dist_1e8vcs8._.js:776
[  180215ms] [LOG] [Fast Refresh] done in 34ms @ http://localhost:3001/_next/static/chunks/node_modules_next_dist_1e8vcs8._.js:776
[  180268ms] [LOG] [Fast Refresh] done in 34ms @ http://localhost:3001/_next/static/chunks/node_modules_next_dist_1e8vcs8._.js:776
[  180329ms] [LOG] [Fast Refresh] done in 34ms @ http://localhost:3001/_next/static/chunks/node_modules_next_dist_1e8vcs8._.js:776
[  180398ms] [LOG] [Fast Refresh] done in 34ms @ http://localhost:3001/_next/static/chunks/node_modules_next_dist_1e8vcs8._.js:776
[  180468ms] [LOG] [Fast Refresh] done in 34ms @ http://localhost:3001/_next/static/chunks/node_modules_next_dist_1e8vcs8._.js:776
[  180529ms] [LOG] [Fast Refresh] done in 34ms @ http://localhost:3001/_next/static/chunks/node_modules_next_dist_1e8vcs8._.js:776
[  180582ms] [LOG] [Fast Refresh] done in 34ms @ http://localhost:3001/_next/static/chunks/node_modules_next_dist_1e8vcs8._.js:776
[  180653ms] [LOG] [Fast Refresh] done in 34ms @ http://localhost:3001/_next/static/chunks/node_modules_next_dist_1e8vcs8._.js:776
[  180718ms] [LOG] [Fast Refresh] done in 34ms @ http://localhost:3001/_next/static/chunks/node_modules_next_dist_1e8vcs8._.js:776
[  180785ms] [LOG] [Fast Refresh] done in 34ms @ http://localhost:3001/_next/static/chunks/node_modules_next_dist_1e8vcs8._.js:776
[  180845ms] [LOG] [Fast Refresh] done in 34ms @ http://localhost:3001/_next/static/chunks/node_modules_next_dist_1e8vcs8._.js:776
[  180894ms] [LOG] [Fast Refresh] done in 34ms @ http://localhost:3001/_next/static/chunks/node_modules_next_dist_1e8vcs8._.js:776
[  180949ms] [LOG] [Fast Refresh] done in 34ms @ http://localhost:3001/_next/static/chunks/node_modules_next_dist_1e8vcs8._.js:776
[  181012ms] [LOG] [Fast Refresh] done in 34ms @ http://localhost:3001/_next/static/chunks/node_modules_next_dist_1e8vcs8._.js:776
[  181079ms] [LOG] [Fast Refresh] done in 34ms @ http://localhost:3001/_next/static/chunks/node_modules_next_dist_1e8vcs8._.js:776
[  181132ms] [LOG] [Fast Refresh] done in 34ms @ http://localhost:3001/_next/static/chunks/node_modules_next_dist_1e8vcs8._.js:776
[  181195ms] [LOG] [Fast Refresh] done in 34ms @ http://localhost:3001/_next/static/chunks/node_modules_next_dist_1e8vcs8._.js:776
[  181265ms] [LOG] [Fast Refresh] done in 34ms @ http://localhost:3001/_next/static/chunks/node_modules_next_dist_1e8vcs8._.js:776
[  181334ms] [LOG] [Fast Refresh] done in 34ms @ http://localhost:3001/_next/static/chunks/node_modules_next_dist_1e8vcs8._.js:776
[  181394ms] [LOG] [Fast Refresh] done in 34ms @ http://localhost:3001/_next/static/chunks/node_modules_next_dist_1e8vcs8._.js:776
[  181463ms] [LOG] [Fast Refresh] done in 34ms @ http://localhost:3001/_next/static/chunks/node_modules_next_dist_1e8vcs8._.js:776
[  181533ms] [LOG] [Fast Refresh] done in 34ms @ http://localhost:3001/_next/static/chunks/node_modules_next_dist_1e8vcs8._.js:776
[  181599ms] [LOG] [Fast Refresh] done in 34ms @ http://localhost:3001/_next/static/chunks/node_modules_next_dist_1e8vcs8._.js:776
[  181668ms] [LOG] [Fast Refresh] done in 34ms @ http://localhost:3001/_next/static/chunks/node_modules_next_dist_1e8vcs8._.js:776
[  181732ms] [LOG] [Fast Refresh] done in 34ms @ http://localhost:3001/_next/static/chunks/node_modules_next_dist_1e8vcs8._.js:776
[  181801ms] [LOG] [Fast Refresh] done in 34ms @ http://localhost:3001/_next/static/chunks/node_modules_next_dist_1e8vcs8._.js:776
[  181861ms] [LOG] [Fast Refresh] done in 34ms @ http://localhost:3001/_next/static/chunks/node_modules_next_dist_1e8vcs8._.js:776
[  181932ms] [LOG] [Fast Refresh] done in 34ms @ http://localhost:3001/_next/static/chunks/node_modules_next_dist_1e8vcs8._.js:776
[  182003ms] [LOG] [Fast Refresh] done in 34ms @ http://localhost:3001/_next/static/chunks/node_modules_next_dist_1e8vcs8._.js:776
[  182061ms] [LOG] [Fast Refresh] done in 34ms @ http://localhost:3001/_next/static/chunks/node_modules_next_dist_1e8vcs8._.js:776
[  182116ms] [LOG] [Fast Refresh] done in 34ms @ http://localhost:3001/_next/static/chunks/node_modules_next_dist_1e8vcs8._.js:776
[  182178ms] [LOG] [Fast Refresh] done in 34ms @ http://localhost:3001/_next/static/chunks/node_modules_next_dist_1e8vcs8._.js:776
[  182247ms] [LOG] [Fast Refresh] done in 34ms @ http://localhost:3001/_next/static/chunks/node_modules_next_dist_1e8vcs8._.js:776
[  182311ms] [LOG] [Fast Refresh] done in 34ms @ http://localhost:3001/_next/static/chunks/node_modules_next_dist_1e8vcs8._.js:776
[  182379ms] [LOG] [Fast Refresh] done in 34ms @ http://localhost:3001/_next/static/chunks/node_modules_next_dist_1e8vcs8._.js:776
[  182431ms] [LOG] [Fast Refresh] done in 34ms @ http://localhost:3001/_next/static/chunks/node_modules_next_dist_1e8vcs8._.js:776
[  182503ms] [LOG] [Fast Refresh] done in 34ms @ http://localhost:3001/_next/static/chunks/node_modules_next_dist_1e8vcs8._.js:776
[  182566ms] [LOG] [Fast Refresh] done in 34ms @ http://localhost:3001/_next/static/chunks/node_modules_next_dist_1e8vcs8._.js:776
[  182627ms] [LOG] [Fast Refresh] done in 34ms @ http://localhost:3001/_next/static/chunks/node_modules_next_dist_1e8vcs8._.js:776
[  182681ms] [LOG] [Fast Refresh] done in 34ms @ http://localhost:3001/_next/static/chunks/node_modules_next_dist_1e8vcs8._.js:776
[  182745ms] [LOG] [Fast Refresh] done in 34ms @ http://localhost:3001/_next/static/chunks/node_modules_next_dist_1e8vcs8._.js:776
[  182814ms] [LOG] [Fast Refresh] done in 34ms @ http://localhost:3001/_next/static/chunks/node_modules_next_dist_1e8vcs8._.js:776
[  182861ms] [LOG] [Fast Refresh] done in 34ms @ http://localhost:3001/_next/static/chunks/node_modules_next_dist_1e8vcs8._.js:776
[  182932ms] [LOG] [Fast Refresh] done in 34ms @ http://localhost:3001/_next/static/chunks/node_modules_next_dist_1e8vcs8._.js:776
[  182998ms] [LOG] [Fast Refresh] done in 34ms @ http://localhost:3001/_next/static/chunks/node_modules_next_dist_1e8vcs8._.js:776
[  183047ms] [LOG] [Fast Refresh] done in 34ms @ http://localhost:3001/_next/static/chunks/node_modules_next_dist_1e8vcs8._.js:776
[  183111ms] [LOG] [Fast Refresh] done in 34ms @ http://localhost:3001/_next/static/chunks/node_modules_next_dist_1e8vcs8._.js:776
[  183166ms] [LOG] [Fast Refresh] done in 34ms @ http://localhost:3001/_next/static/chunks/node_modules_next_dist_1e8vcs8._.js:776
[  183232ms] [LOG] [Fast Refresh] done in 34ms @ http://localhost:3001/_next/static/chunks/node_modules_next_dist_1e8vcs8._.js:776
[  183478ms] [LOG] [Fast Refresh] rebuilding @ http://localhost:3001/_next/static/chunks/node_modules_next_dist_1e8vcs8._.js:776
[  183710ms] [LOG] [Fast Refresh] done in 308ms @ http://localhost:3001/_next/static/chunks/node_modules_next_dist_1e8vcs8._.js:776
[  184121ms] [LOG] [Fast Refresh] rebuilding @ http://localhost:3001/_next/static/chunks/node_modules_next_dist_1e8vcs8._.js:776
[  184123ms] [LOG] [Fast Refresh] done in 2ms @ http://localhost:3001/_next/static/chunks/node_modules_next_dist_1e8vcs8._.js:776
[  184161ms] [LOG] [Fast Refresh] done in 2ms @ http://localhost:3001/_next/static/chunks/node_modules_next_dist_1e8vcs8._.js:776
[  184859ms] [LOG] [Fast Refresh] done in 236ms @ http://localhost:3001/_next/static/chunks/node_modules_next_dist_1e8vcs8._.js:776
[  185613ms] [LOG] [Fast Refresh] rebuilding @ http://localhost:3001/_next/static/chunks/node_modules_next_dist_1e8vcs8._.js:776
[  185757ms] [LOG] [Fast Refresh] done in 247ms @ http://localhost:3001/_next/static/chunks/node_modules_next_dist_1e8vcs8._.js:776
[  191196ms] [LOG] [Fast Refresh] rebuilding @ http://localhost:3001/_next/static/chunks/node_modules_next_dist_1e8vcs8._.js:776
[  191206ms] [LOG] [Fast Refresh] done in 120ms @ http://localhost:3001/_next/static/chunks/node_modules_next_dist_1e8vcs8._.js:776
[  193954ms] [LOG] [Fast Refresh] rebuilding @ http://localhost:3001/_next/static/chunks/node_modules_next_dist_1e8vcs8._.js:776
[  193954ms] [LOG] [Fast Refresh] done in 103ms @ http://localhost:3001/_next/static/chunks/node_modules_next_dist_1e8vcs8._.js:776
[  201872ms] [LOG] [Fast Refresh] rebuilding @ http://localhost:3001/_next/static/chunks/node_modules_next_dist_1e8vcs8._.js:776
[  202087ms] [LOG] [Fast Refresh] done in 188ms @ http://localhost:3001/_next/static/chunks/node_modules_next_dist_1e8vcs8._.js:776
[  202218ms] [LOG] [Fast Refresh] done in 188ms @ http://localhost:3001/_next/static/chunks/node_modules_next_dist_1e8vcs8._.js:776
[  202597ms] [LOG] [Fast Refresh] rebuilding @ http://localhost:3001/_next/static/chunks/node_modules_next_dist_1e8vcs8._.js:776
[  202982ms] [LOG] [Fast Refresh] done in 485ms @ http://localhost:3001/_next/static/chunks/node_modules_next_dist_1e8vcs8._.js:776
[  212902ms] [LOG] [Fast Refresh] rebuilding @ http://localhost:3001/_next/static/chunks/node_modules_next_dist_1e8vcs8._.js:776
[  212976ms] [LOG] [Fast Refresh] done in 25ms @ http://localhost:3001/_next/static/chunks/node_modules_next_dist_1e8vcs8._.js:776
[  213052ms] [LOG] [Fast Refresh] done in 25ms @ http://localhost:3001/_next/static/chunks/node_modules_next_dist_1e8vcs8._.js:776
[  213128ms] [LOG] [Fast Refresh] done in 25ms @ http://localhost:3001/_next/static/chunks/node_modules_next_dist_1e8vcs8._.js:776
[  213212ms] [LOG] [Fast Refresh] done in 25ms @ http://localhost:3001/_next/static/chunks/node_modules_next_dist_1e8vcs8._.js:776
[  213277ms] [LOG] [Fast Refresh] done in 25ms @ http://localhost:3001/_next/static/chunks/node_modules_next_dist_1e8vcs8._.js:776
[  213343ms] [LOG] [Fast Refresh] done in 25ms @ http://localhost:3001/_next/static/chunks/node_modules_next_dist_1e8vcs8._.js:776
[  213404ms] [LOG] [Fast Refresh] done in 25ms @ http://localhost:3001/_next/static/chunks/node_modules_next_dist_1e8vcs8._.js:776
[  213475ms] [LOG] [Fast Refresh] done in 25ms @ http://localhost:3001/_next/static/chunks/node_modules_next_dist_1e8vcs8._.js:776
[  213537ms] [LOG] [Fast Refresh] done in 25ms @ http://localhost:3001/_next/static/chunks/node_modules_next_dist_1e8vcs8._.js:776
[  213608ms] [LOG] [Fast Refresh] done in 25ms @ http://localhost:3001/_next/static/chunks/node_modules_next_dist_1e8vcs8._.js:776
[  213677ms] [LOG] [Fast Refresh] done in 25ms @ http://localhost:3001/_next/static/chunks/node_modules_next_dist_1e8vcs8._.js:776
[  213760ms] [LOG] [Fast Refresh] done in 25ms @ http://localhost:3001/_next/static/chunks/node_modules_next_dist_1e8vcs8._.js:776
[  213821ms] [LOG] [Fast Refresh] done in 25ms @ http://localhost:3001/_next/static/chunks/node_modules_next_dist_1e8vcs8._.js:776
[  213886ms] [LOG] [Fast Refresh] done in 25ms @ http://localhost:3001/_next/static/chunks/node_modules_next_dist_1e8vcs8._.js:776
[  213958ms] [LOG] [Fast Refresh] done in 25ms @ http://localhost:3001/_next/static/chunks/node_modules_next_dist_1e8vcs8._.js:776
[  214025ms] [LOG] [Fast Refresh] done in 25ms @ http://localhost:3001/_next/static/chunks/node_modules_next_dist_1e8vcs8._.js:776
[  214091ms] [LOG] [Fast Refresh] done in 25ms @ http://localhost:3001/_next/static/chunks/node_modules_next_dist_1e8vcs8._.js:776
[  214157ms] [LOG] [Fast Refresh] done in 25ms @ http://localhost:3001/_next/static/chunks/node_modules_next_dist_1e8vcs8._.js:776
[  214224ms] [LOG] [Fast Refresh] done in 25ms @ http://localhost:3001/_next/static/chunks/node_modules_next_dist_1e8vcs8._.js:776
[  214291ms] [LOG] [Fast Refresh] done in 25ms @ http://localhost:3001/_next/static/chunks/node_modules_next_dist_1e8vcs8._.js:776
[  214353ms] [LOG] [Fast Refresh] done in 25ms @ http://localhost:3001/_next/static/chunks/node_modules_next_dist_1e8vcs8._.js:776
[  214420ms] [LOG] [Fast Refresh] done in 25ms @ http://localhost:3001/_next/static/chunks/node_modules_next_dist_1e8vcs8._.js:776
[  214486ms] [LOG] [Fast Refresh] done in 25ms @ http://localhost:3001/_next/static/chunks/node_modules_next_dist_1e8vcs8._.js:776
[  214570ms] [LOG] [Fast Refresh] done in 25ms @ http://localhost:3001/_next/static/chunks/node_modules_next_dist_1e8vcs8._.js:776
[  214637ms] [LOG] [Fast Refresh] done in 25ms @ http://localhost:3001/_next/static/chunks/node_modules_next_dist_1e8vcs8._.js:776
[  214708ms] [LOG] [Fast Refresh] done in 25ms @ http://localhost:3001/_next/static/chunks/node_modules_next_dist_1e8vcs8._.js:776
[  214770ms] [LOG] [Fast Refresh] done in 25ms @ http://localhost:3001/_next/static/chunks/node_modules_next_dist_1e8vcs8._.js:776
[  214826ms] [LOG] [Fast Refresh] done in 25ms @ http://localhost:3001/_next/static/chunks/node_modules_next_dist_1e8vcs8._.js:776
[  214889ms] [LOG] [Fast Refresh] done in 25ms @ http://localhost:3001/_next/static/chunks/node_modules_next_dist_1e8vcs8._.js:776
[  214952ms] [LOG] [Fast Refresh] done in 25ms @ http://localhost:3001/_next/static/chunks/node_modules_next_dist_1e8vcs8._.js:776
[  215020ms] [LOG] [Fast Refresh] done in 25ms @ http://localhost:3001/_next/static/chunks/node_modules_next_dist_1e8vcs8._.js:776
[  215086ms] [LOG] [Fast Refresh] done in 25ms @ http://localhost:3001/_next/static/chunks/node_modules_next_dist_1e8vcs8._.js:776
[  215153ms] [LOG] [Fast Refresh] done in 25ms @ http://localhost:3001/_next/static/chunks/node_modules_next_dist_1e8vcs8._.js:776
[  215224ms] [LOG] [Fast Refresh] done in 25ms @ http://localhost:3001/_next/static/chunks/node_modules_next_dist_1e8vcs8._.js:776
[  215290ms] [LOG] [Fast Refresh] done in 25ms @ http://localhost:3001/_next/static/chunks/node_modules_next_dist_1e8vcs8._.js:776
[  215352ms] [LOG] [Fast Refresh] done in 25ms @ http://localhost:3001/_next/static/chunks/node_modules_next_dist_1e8vcs8._.js:776
[  215422ms] [LOG] [Fast Refresh] done in 25ms @ http://localhost:3001/_next/static/chunks/node_modules_next_dist_1e8vcs8._.js:776
[  215491ms] [LOG] [Fast Refresh] done in 25ms @ http://localhost:3001/_next/static/chunks/node_modules_next_dist_1e8vcs8._.js:776
[  215559ms] [LOG] [Fast Refresh] done in 25ms @ http://localhost:3001/_next/static/chunks/node_modules_next_dist_1e8vcs8._.js:776
[  215619ms] [LOG] [Fast Refresh] done in 25ms @ http://localhost:3001/_next/static/chunks/node_modules_next_dist_1e8vcs8._.js:776
[  215685ms] [LOG] [Fast Refresh] done in 25ms @ http://localhost:3001/_next/static/chunks/node_modules_next_dist_1e8vcs8._.js:776
[  215757ms] [LOG] [Fast Refresh] done in 25ms @ http://localhost:3001/_next/static/chunks/node_modules_next_dist_1e8vcs8._.js:776
[  215824ms] [LOG] [Fast Refresh] done in 25ms @ http://localhost:3001/_next/static/chunks/node_modules_next_dist_1e8vcs8._.js:776
[  215894ms] [LOG] [Fast Refresh] done in 25ms @ http://localhost:3001/_next/static/chunks/node_modules_next_dist_1e8vcs8._.js:776
[  215955ms] [LOG] [Fast Refresh] done in 25ms @ http://localhost:3001/_next/static/chunks/node_modules_next_dist_1e8vcs8._.js:776
[  216009ms] [LOG] [Fast Refresh] done in 25ms @ http://localhost:3001/_next/static/chunks/node_modules_next_dist_1e8vcs8._.js:776
[  216072ms] [LOG] [Fast Refresh] done in 25ms @ http://localhost:3001/_next/static/chunks/node_modules_next_dist_1e8vcs8._.js:776
[  216137ms] [LOG] [Fast Refresh] done in 25ms @ http://localhost:3001/_next/static/chunks/node_modules_next_dist_1e8vcs8._.js:776
[  216206ms] [LOG] [Fast Refresh] done in 25ms @ http://localhost:3001/_next/static/chunks/node_modules_next_dist_1e8vcs8._.js:776
[  216275ms] [LOG] [Fast Refresh] done in 25ms @ http://localhost:3001/_next/static/chunks/node_modules_next_dist_1e8vcs8._.js:776
[  216339ms] [LOG] [Fast Refresh] done in 25ms @ http://localhost:3001/_next/static/chunks/node_modules_next_dist_1e8vcs8._.js:776
[  216406ms] [LOG] [Fast Refresh] done in 25ms @ http://localhost:3001/_next/static/chunks/node_modules_next_dist_1e8vcs8._.js:776
[  216473ms] [LOG] [Fast Refresh] done in 25ms @ http://localhost:3001/_next/static/chunks/node_modules_next_dist_1e8vcs8._.js:776
[  216544ms] [LOG] [Fast Refresh] done in 25ms @ http://localhost:3001/_next/static/chunks/node_modules_next_dist_1e8vcs8._.js:776
[  216590ms] [LOG] [Fast Refresh] done in 25ms @ http://localhost:3001/_next/static/chunks/node_modules_next_dist_1e8vcs8._.js:776
[  216657ms] [LOG] [Fast Refresh] done in 25ms @ http://localhost:3001/_next/static/chunks/node_modules_next_dist_1e8vcs8._.js:776
[  216723ms] [LOG] [Fast Refresh] done in 25ms @ http://localhost:3001/_next/static/chunks/node_modules_next_dist_1e8vcs8._.js:776
[  216786ms] [LOG] [Fast Refresh] done in 25ms @ http://localhost:3001/_next/static/chunks/node_modules_next_dist_1e8vcs8._.js:776
[  216839ms] [LOG] [Fast Refresh] done in 25ms @ http://localhost:3001/_next/static/chunks/node_modules_next_dist_1e8vcs8._.js:776
[  216908ms] [LOG] [Fast Refresh] done in 25ms @ http://localhost:3001/_next/static/chunks/node_modules_next_dist_1e8vcs8._.js:776
[  216972ms] [LOG] [Fast Refresh] done in 25ms @ http://localhost:3001/_next/static/chunks/node_modules_next_dist_1e8vcs8._.js:776
[  217040ms] [LOG] [Fast Refresh] done in 25ms @ http://localhost:3001/_next/static/chunks/node_modules_next_dist_1e8vcs8._.js:776
[  217115ms] [LOG] [Fast Refresh] done in 25ms @ http://localhost:3001/_next/static/chunks/node_modules_next_dist_1e8vcs8._.js:776
[  217174ms] [LOG] [Fast Refresh] done in 25ms @ http://localhost:3001/_next/static/chunks/node_modules_next_dist_1e8vcs8._.js:776
[  217236ms] [LOG] [Fast Refresh] done in 25ms @ http://localhost:3001/_next/static/chunks/node_modules_next_dist_1e8vcs8._.js:776
[  217302ms] [LOG] [Fast Refresh] done in 25ms @ http://localhost:3001/_next/static/chunks/node_modules_next_dist_1e8vcs8._.js:776
[  217368ms] [LOG] [Fast Refresh] done in 25ms @ http://localhost:3001/_next/static/chunks/node_modules_next_dist_1e8vcs8._.js:776
[  217440ms] [LOG] [Fast Refresh] done in 25ms @ http://localhost:3001/_next/static/chunks/node_modules_next_dist_1e8vcs8._.js:776
[  217502ms] [LOG] [Fast Refresh] done in 25ms @ http://localhost:3001/_next/static/chunks/node_modules_next_dist_1e8vcs8._.js:776
[  217573ms] [LOG] [Fast Refresh] done in 25ms @ http://localhost:3001/_next/static/chunks/node_modules_next_dist_1e8vcs8._.js:776
[  217639ms] [LOG] [Fast Refresh] done in 25ms @ http://localhost:3001/_next/static/chunks/node_modules_next_dist_1e8vcs8._.js:776
[  217702ms] [LOG] [Fast Refresh] done in 25ms @ http://localhost:3001/_next/static/chunks/node_modules_next_dist_1e8vcs8._.js:776
[  217772ms] [LOG] [Fast Refresh] done in 25ms @ http://localhost:3001/_next/static/chunks/node_modules_next_dist_1e8vcs8._.js:776
[  217835ms] [LOG] [Fast Refresh] done in 25ms @ http://localhost:3001/_next/static/chunks/node_modules_next_dist_1e8vcs8._.js:776
[  217905ms] [LOG] [Fast Refresh] done in 25ms @ http://localhost:3001/_next/static/chunks/node_modules_next_dist_1e8vcs8._.js:776
[  217975ms] [LOG] [Fast Refresh] done in 25ms @ http://localhost:3001/_next/static/chunks/node_modules_next_dist_1e8vcs8._.js:776
[  218039ms] [LOG] [Fast Refresh] done in 25ms @ http://localhost:3001/_next/static/chunks/node_modules_next_dist_1e8vcs8._.js:776
[  218102ms] [LOG] [Fast Refresh] done in 25ms @ http://localhost:3001/_next/static/chunks/node_modules_next_dist_1e8vcs8._.js:776
[  218169ms] [LOG] [Fast Refresh] done in 25ms @ http://localhost:3001/_next/static/chunks/node_modules_next_dist_1e8vcs8._.js:776
[  218222ms] [LOG] [Fast Refresh] done in 25ms @ http://localhost:3001/_next/static/chunks/node_modules_next_dist_1e8vcs8._.js:776
[  218295ms] [LOG] [Fast Refresh] done in 25ms @ http://localhost:3001/_next/static/chunks/node_modules_next_dist_1e8vcs8._.js:776
[  218352ms] [LOG] [Fast Refresh] done in 25ms @ http://localhost:3001/_next/static/chunks/node_modules_next_dist_1e8vcs8._.js:776
[  218423ms] [LOG] [Fast Refresh] done in 25ms @ http://localhost:3001/_next/static/chunks/node_modules_next_dist_1e8vcs8._.js:776
[  218491ms] [LOG] [Fast Refresh] done in 25ms @ http://localhost:3001/_next/static/chunks/node_modules_next_dist_1e8vcs8._.js:776
[  218554ms] [LOG] [Fast Refresh] done in 25ms @ http://localhost:3001/_next/static/chunks/node_modules_next_dist_1e8vcs8._.js:776
[  218606ms] [LOG] [Fast Refresh] done in 25ms @ http://localhost:3001/_next/static/chunks/node_modules_next_dist_1e8vcs8._.js:776
[  218673ms] [LOG] [Fast Refresh] done in 25ms @ http://localhost:3001/_next/static/chunks/node_modules_next_dist_1e8vcs8._.js:776
[  218742ms] [LOG] [Fast Refresh] done in 25ms @ http://localhost:3001/_next/static/chunks/node_modules_next_dist_1e8vcs8._.js:776
[  218807ms] [LOG] [Fast Refresh] done in 25ms @ http://localhost:3001/_next/static/chunks/node_modules_next_dist_1e8vcs8._.js:776
[  218871ms] [LOG] [Fast Refresh] done in 25ms @ http://localhost:3001/_next/static/chunks/node_modules_next_dist_1e8vcs8._.js:776
[  218935ms] [LOG] [Fast Refresh] done in 25ms @ http://localhost:3001/_next/static/chunks/node_modules_next_dist_1e8vcs8._.js:776
[  219005ms] [LOG] [Fast Refresh] done in 25ms @ http://localhost:3001/_next/static/chunks/node_modules_next_dist_1e8vcs8._.js:776
[  219068ms] [LOG] [Fast Refresh] done in 25ms @ http://localhost:3001/_next/static/chunks/node_modules_next_dist_1e8vcs8._.js:776
[  219118ms] [LOG] [Fast Refresh] done in 25ms @ http://localhost:3001/_next/static/chunks/node_modules_next_dist_1e8vcs8._.js:776
[  219220ms] [LOG] [Fast Refresh] done in 25ms @ http://localhost:3001/_next/static/chunks/node_modules_next_dist_1e8vcs8._.js:776
[  219297ms] [LOG] [Fast Refresh] done in 25ms @ http://localhost:3001/_next/static/chunks/node_modules_next_dist_1e8vcs8._.js:776
[  219377ms] [LOG] [Fast Refresh] done in 25ms @ http://localhost:3001/_next/static/chunks/node_modules_next_dist_1e8vcs8._.js:776
[  219441ms] [LOG] [Fast Refresh] done in 25ms @ http://localhost:3001/_next/static/chunks/node_modules_next_dist_1e8vcs8._.js:776
[  219506ms] [LOG] [Fast Refresh] done in 25ms @ http://localhost:3001/_next/static/chunks/node_modules_next_dist_1e8vcs8._.js:776
[  219573ms] [LOG] [Fast Refresh] done in 25ms @ http://localhost:3001/_next/static/chunks/node_modules_next_dist_1e8vcs8._.js:776
[  219640ms] [LOG] [Fast Refresh] done in 25ms @ http://localhost:3001/_next/static/chunks/node_modules_next_dist_1e8vcs8._.js:776
[  219706ms] [LOG] [Fast Refresh] done in 25ms @ http://localhost:3001/_next/static/chunks/node_modules_next_dist_1e8vcs8._.js:776
[  219769ms] [LOG] [Fast Refresh] done in 25ms @ http://localhost:3001/_next/static/chunks/node_modules_next_dist_1e8vcs8._.js:776
[  219839ms] [LOG] [Fast Refresh] done in 25ms @ http://localhost:3001/_next/static/chunks/node_modules_next_dist_1e8vcs8._.js:776
[  219906ms] [LOG] [Fast Refresh] done in 25ms @ http://localhost:3001/_next/static/chunks/node_modules_next_dist_1e8vcs8._.js:776
[  219972ms] [LOG] [Fast Refresh] done in 25ms @ http://localhost:3001/_next/static/chunks/node_modules_next_dist_1e8vcs8._.js:776
[  220040ms] [LOG] [Fast Refresh] done in 25ms @ http://localhost:3001/_next/static/chunks/node_modules_next_dist_1e8vcs8._.js:776
[  220106ms] [LOG] [Fast Refresh] done in 25ms @ http://localhost:3001/_next/static/chunks/node_modules_next_dist_1e8vcs8._.js:776
[  220189ms] [LOG] [Fast Refresh] done in 25ms @ http://localhost:3001/_next/static/chunks/node_modules_next_dist_1e8vcs8._.js:776
[  220252ms] [LOG] [Fast Refresh] done in 25ms @ http://localhost:3001/_next/static/chunks/node_modules_next_dist_1e8vcs8._.js:776
[  220318ms] [LOG] [Fast Refresh] done in 25ms @ http://localhost:3001/_next/static/chunks/node_modules_next_dist_1e8vcs8._.js:776
[  220389ms] [LOG] [Fast Refresh] done in 25ms @ http://localhost:3001/_next/static/chunks/node_modules_next_dist_1e8vcs8._.js:776
[  220456ms] [LOG] [Fast Refresh] done in 25ms @ http://localhost:3001/_next/static/chunks/node_modules_next_dist_1e8vcs8._.js:776
[  220518ms] [LOG] [Fast Refresh] done in 25ms @ http://localhost:3001/_next/static/chunks/node_modules_next_dist_1e8vcs8._.js:776
[  220584ms] [LOG] [Fast Refresh] done in 25ms @ http://localhost:3001/_next/static/chunks/node_modules_next_dist_1e8vcs8._.js:776
[  220662ms] [LOG] [Fast Refresh] done in 25ms @ http://localhost:3001/_next/static/chunks/node_modules_next_dist_1e8vcs8._.js:776
[  220740ms] [LOG] [Fast Refresh] done in 25ms @ http://localhost:3001/_next/static/chunks/node_modules_next_dist_1e8vcs8._.js:776
[  220809ms] [LOG] [Fast Refresh] done in 25ms @ http://localhost:3001/_next/static/chunks/node_modules_next_dist_1e8vcs8._.js:776
[  220877ms] [LOG] [Fast Refresh] done in 25ms @ http://localhost:3001/_next/static/chunks/node_modules_next_dist_1e8vcs8._.js:776
[  220939ms] [LOG] [Fast Refresh] done in 25ms @ http://localhost:3001/_next/static/chunks/node_modules_next_dist_1e8vcs8._.js:776
[  221001ms] [LOG] [Fast Refresh] done in 25ms @ http://localhost:3001/_next/static/chunks/node_modules_next_dist_1e8vcs8._.js:776
[  221072ms] [LOG] [Fast Refresh] done in 25ms @ http://localhost:3001/_next/static/chunks/node_modules_next_dist_1e8vcs8._.js:776
[  221135ms] [LOG] [Fast Refresh] done in 25ms @ http://localhost:3001/_next/static/chunks/node_modules_next_dist_1e8vcs8._.js:776
[  221207ms] [LOG] [Fast Refresh] done in 25ms @ http://localhost:3001/_next/static/chunks/node_modules_next_dist_1e8vcs8._.js:776
[  221268ms] [LOG] [Fast Refresh] done in 25ms @ http://localhost:3001/_next/static/chunks/node_modules_next_dist_1e8vcs8._.js:776
[  221339ms] [LOG] [Fast Refresh] done in 25ms @ http://localhost:3001/_next/static/chunks/node_modules_next_dist_1e8vcs8._.js:776
[  221403ms] [LOG] [Fast Refresh] done in 25ms @ http://localhost:3001/_next/static/chunks/node_modules_next_dist_1e8vcs8._.js:776
[  221474ms] [LOG] [Fast Refresh] done in 25ms @ http://localhost:3001/_next/static/chunks/node_modules_next_dist_1e8vcs8._.js:776
[  221534ms] [LOG] [Fast Refresh] done in 25ms @ http://localhost:3001/_next/static/chunks/node_modules_next_dist_1e8vcs8._.js:776
[  221605ms] [LOG] [Fast Refresh] done in 25ms @ http://localhost:3001/_next/static/chunks/node_modules_next_dist_1e8vcs8._.js:776
[  221671ms] [LOG] [Fast Refresh] done in 25ms @ http://localhost:3001/_next/static/chunks/node_modules_next_dist_1e8vcs8._.js:776
[  221735ms] [LOG] [Fast Refresh] done in 25ms @ http://localhost:3001/_next/static/chunks/node_modules_next_dist_1e8vcs8._.js:776
[  221801ms] [LOG] [Fast Refresh] done in 25ms @ http://localhost:3001/_next/static/chunks/node_modules_next_dist_1e8vcs8._.js:776
[  221867ms] [LOG] [Fast Refresh] done in 25ms @ http://localhost:3001/_next/static/chunks/node_modules_next_dist_1e8vcs8._.js:776
[  221925ms] [LOG] [Fast Refresh] done in 25ms @ http://localhost:3001/_next/static/chunks/node_modules_next_dist_1e8vcs8._.js:776
[  221990ms] [LOG] [Fast Refresh] done in 25ms @ http://localhost:3001/_next/static/chunks/node_modules_next_dist_1e8vcs8._.js:776
[  222051ms] [LOG] [Fast Refresh] done in 25ms @ http://localhost:3001/_next/static/chunks/node_modules_next_dist_1e8vcs8._.js:776
[  222120ms] [LOG] [Fast Refresh] done in 25ms @ http://localhost:3001/_next/static/chunks/node_modules_next_dist_1e8vcs8._.js:776
[  222191ms] [LOG] [Fast Refresh] done in 25ms @ http://localhost:3001/_next/static/chunks/node_modules_next_dist_1e8vcs8._.js:776
[  222250ms] [LOG] [Fast Refresh] done in 25ms @ http://localhost:3001/_next/static/chunks/node_modules_next_dist_1e8vcs8._.js:776
[  222322ms] [LOG] [Fast Refresh] done in 25ms @ http://localhost:3001/_next/static/chunks/node_modules_next_dist_1e8vcs8._.js:776
[  222389ms] [LOG] [Fast Refresh] done in 25ms @ http://localhost:3001/_next/static/chunks/node_modules_next_dist_1e8vcs8._.js:776
[  222452ms] [LOG] [Fast Refresh] done in 25ms @ http://localhost:3001/_next/static/chunks/node_modules_next_dist_1e8vcs8._.js:776
[  222518ms] [LOG] [Fast Refresh] done in 25ms @ http://localhost:3001/_next/static/chunks/node_modules_next_dist_1e8vcs8._.js:776
[  222587ms] [LOG] [Fast Refresh] done in 25ms @ http://localhost:3001/_next/static/chunks/node_modules_next_dist_1e8vcs8._.js:776
[  222651ms] [LOG] [Fast Refresh] done in 25ms @ http://localhost:3001/_next/static/chunks/node_modules_next_dist_1e8vcs8._.js:776
[  222718ms] [LOG] [Fast Refresh] done in 25ms @ http://localhost:3001/_next/static/chunks/node_modules_next_dist_1e8vcs8._.js:776
[  222787ms] [LOG] [Fast Refresh] done in 25ms @ http://localhost:3001/_next/static/chunks/node_modules_next_dist_1e8vcs8._.js:776
[  222857ms] [LOG] [Fast Refresh] done in 25ms @ http://localhost:3001/_next/static/chunks/node_modules_next_dist_1e8vcs8._.js:776
[  222920ms] [LOG] [Fast Refresh] done in 25ms @ http://localhost:3001/_next/static/chunks/node_modules_next_dist_1e8vcs8._.js:776
[  222973ms] [LOG] [Fast Refresh] done in 25ms @ http://localhost:3001/_next/static/chunks/node_modules_next_dist_1e8vcs8._.js:776
[  223038ms] [LOG] [Fast Refresh] done in 25ms @ http://localhost:3001/_next/static/chunks/node_modules_next_dist_1e8vcs8._.js:776
[  223100ms] [LOG] [Fast Refresh] done in 25ms @ http://localhost:3001/_next/static/chunks/node_modules_next_dist_1e8vcs8._.js:776
[  223167ms] [LOG] [Fast Refresh] done in 25ms @ http://localhost:3001/_next/static/chunks/node_modules_next_dist_1e8vcs8._.js:776
[  223234ms] [LOG] [Fast Refresh] done in 25ms @ http://localhost:3001/_next/static/chunks/node_modules_next_dist_1e8vcs8._.js:776
[  223300ms] [LOG] [Fast Refresh] done in 25ms @ http://localhost:3001/_next/static/chunks/node_modules_next_dist_1e8vcs8._.js:776
[  223367ms] [LOG] [Fast Refresh] done in 25ms @ http://localhost:3001/_next/static/chunks/node_modules_next_dist_1e8vcs8._.js:776
[  223436ms] [LOG] [Fast Refresh] done in 25ms @ http://localhost:3001/_next/static/chunks/node_modules_next_dist_1e8vcs8._.js:776
[  223501ms] [LOG] [Fast Refresh] done in 25ms @ http://localhost:3001/_next/static/chunks/node_modules_next_dist_1e8vcs8._.js:776
[  223570ms] [LOG] [Fast Refresh] done in 25ms @ http://localhost:3001/_next/static/chunks/node_modules_next_dist_1e8vcs8._.js:776
[  223642ms] [LOG] [Fast Refresh] done in 25ms @ http://localhost:3001/_next/static/chunks/node_modules_next_dist_1e8vcs8._.js:776
[  223684ms] [LOG] [Fast Refresh] done in 25ms @ http://localhost:3001/_next/static/chunks/node_modules_next_dist_1e8vcs8._.js:776
[  223753ms] [LOG] [Fast Refresh] done in 25ms @ http://localhost:3001/_next/static/chunks/node_modules_next_dist_1e8vcs8._.js:776
[  223824ms] [LOG] [Fast Refresh] done in 25ms @ http://localhost:3001/_next/static/chunks/node_modules_next_dist_1e8vcs8._.js:776
[  223884ms] [LOG] [Fast Refresh] done in 25ms @ http://localhost:3001/_next/static/chunks/node_modules_next_dist_1e8vcs8._.js:776
[  223953ms] [LOG] [Fast Refresh] done in 25ms @ http://localhost:3001/_next/static/chunks/node_modules_next_dist_1e8vcs8._.js:776
[  224017ms] [LOG] [Fast Refresh] done in 25ms @ http://localhost:3001/_next/static/chunks/node_modules_next_dist_1e8vcs8._.js:776
[  224070ms] [LOG] [Fast Refresh] done in 25ms @ http://localhost:3001/_next/static/chunks/node_modules_next_dist_1e8vcs8._.js:776
[  224140ms] [LOG] [Fast Refresh] done in 25ms @ http://localhost:3001/_next/static/chunks/node_modules_next_dist_1e8vcs8._.js:776
[  224202ms] [LOG] [Fast Refresh] done in 25ms @ http://localhost:3001/_next/static/chunks/node_modules_next_dist_1e8vcs8._.js:776
[  224273ms] [LOG] [Fast Refresh] done in 25ms @ http://localhost:3001/_next/static/chunks/node_modules_next_dist_1e8vcs8._.js:776
[  224337ms] [LOG] [Fast Refresh] done in 25ms @ http://localhost:3001/_next/static/chunks/node_modules_next_dist_1e8vcs8._.js:776
[  224401ms] [LOG] [Fast Refresh] done in 25ms @ http://localhost:3001/_next/static/chunks/node_modules_next_dist_1e8vcs8._.js:776
[  224471ms] [LOG] [Fast Refresh] done in 25ms @ http://localhost:3001/_next/static/chunks/node_modules_next_dist_1e8vcs8._.js:776
[  224538ms] [LOG] [Fast Refresh] done in 25ms @ http://localhost:3001/_next/static/chunks/node_modules_next_dist_1e8vcs8._.js:776
[  224601ms] [LOG] [Fast Refresh] done in 25ms @ http://localhost:3001/_next/static/chunks/node_modules_next_dist_1e8vcs8._.js:776
[  224653ms] [LOG] [Fast Refresh] done in 25ms @ http://localhost:3001/_next/static/chunks/node_modules_next_dist_1e8vcs8._.js:776
[  224723ms] [LOG] [Fast Refresh] done in 25ms @ http://localhost:3001/_next/static/chunks/node_modules_next_dist_1e8vcs8._.js:776
[  224783ms] [LOG] [Fast Refresh] done in 25ms @ http://localhost:3001/_next/static/chunks/node_modules_next_dist_1e8vcs8._.js:776
[  224854ms] [LOG] [Fast Refresh] done in 25ms @ http://localhost:3001/_next/static/chunks/node_modules_next_dist_1e8vcs8._.js:776
[  224906ms] [LOG] [Fast Refresh] done in 25ms @ http://localhost:3001/_next/static/chunks/node_modules_next_dist_1e8vcs8._.js:776
[  224972ms] [LOG] [Fast Refresh] done in 25ms @ http://localhost:3001/_next/static/chunks/node_modules_next_dist_1e8vcs8._.js:776
[  225037ms] [LOG] [Fast Refresh] done in 25ms @ http://localhost:3001/_next/static/chunks/node_modules_next_dist_1e8vcs8._.js:776
[  225100ms] [LOG] [Fast Refresh] done in 25ms @ http://localhost:3001/_next/static/chunks/node_modules_next_dist_1e8vcs8._.js:776
[  225171ms] [LOG] [Fast Refresh] done in 25ms @ http://localhost:3001/_next/static/chunks/node_modules_next_dist_1e8vcs8._.js:776
[  225234ms] [LOG] [Fast Refresh] done in 25ms @ http://localhost:3001/_next/static/chunks/node_modules_next_dist_1e8vcs8._.js:776
[  225305ms] [LOG] [Fast Refresh] done in 25ms @ http://localhost:3001/_next/static/chunks/node_modules_next_dist_1e8vcs8._.js:776
[  225367ms] [LOG] [Fast Refresh] done in 25ms @ http://localhost:3001/_next/static/chunks/node_modules_next_dist_1e8vcs8._.js:776
[  225436ms] [LOG] [Fast Refresh] done in 25ms @ http://localhost:3001/_next/static/chunks/node_modules_next_dist_1e8vcs8._.js:776
[  225504ms] [LOG] [Fast Refresh] done in 25ms @ http://localhost:3001/_next/static/chunks/node_modules_next_dist_1e8vcs8._.js:776
[  225556ms] [LOG] [Fast Refresh] done in 25ms @ http://localhost:3001/_next/static/chunks/node_modules_next_dist_1e8vcs8._.js:776
[  225606ms] [LOG] [Fast Refresh] done in 25ms @ http://localhost:3001/_next/static/chunks/node_modules_next_dist_1e8vcs8._.js:776
[  225666ms] [LOG] [Fast Refresh] done in 25ms @ http://localhost:3001/_next/static/chunks/node_modules_next_dist_1e8vcs8._.js:776
[  225735ms] [LOG] [Fast Refresh] done in 25ms @ http://localhost:3001/_next/static/chunks/node_modules_next_dist_1e8vcs8._.js:776
[  225801ms] [LOG] [Fast Refresh] done in 25ms @ http://localhost:3001/_next/static/chunks/node_modules_next_dist_1e8vcs8._.js:776
[  225870ms] [LOG] [Fast Refresh] done in 25ms @ http://localhost:3001/_next/static/chunks/node_modules_next_dist_1e8vcs8._.js:776
[  225934ms] [LOG] [Fast Refresh] done in 25ms @ http://localhost:3001/_next/static/chunks/node_modules_next_dist_1e8vcs8._.js:776
[  226004ms] [LOG] [Fast Refresh] done in 25ms @ http://localhost:3001/_next/static/chunks/node_modules_next_dist_1e8vcs8._.js:776
[  226069ms] [LOG] [Fast Refresh] done in 25ms @ http://localhost:3001/_next/static/chunks/node_modules_next_dist_1e8vcs8._.js:776
[  226139ms] [LOG] [Fast Refresh] done in 25ms @ http://localhost:3001/_next/static/chunks/node_modules_next_dist_1e8vcs8._.js:776
[  226202ms] [LOG] [Fast Refresh] done in 25ms @ http://localhost:3001/_next/static/chunks/node_modules_next_dist_1e8vcs8._.js:776
[  226271ms] [LOG] [Fast Refresh] done in 25ms @ http://localhost:3001/_next/static/chunks/node_modules_next_dist_1e8vcs8._.js:776
[  226334ms] [LOG] [Fast Refresh] done in 25ms @ http://localhost:3001/_next/static/chunks/node_modules_next_dist_1e8vcs8._.js:776
[  226423ms] [LOG] [Fast Refresh] done in 25ms @ http://localhost:3001/_next/static/chunks/node_modules_next_dist_1e8vcs8._.js:776
[  226699ms] [LOG] [Fast Refresh] rebuilding @ http://localhost:3001/_next/static/chunks/node_modules_next_dist_1e8vcs8._.js:776
[  226787ms] [LOG] [Fast Refresh] done in 156ms @ http://localhost:3001/_next/static/chunks/node_modules_next_dist_1e8vcs8._.js:776
[  234297ms] [LOG] [Fast Refresh] rebuilding @ http://localhost:3001/_next/static/chunks/node_modules_next_dist_1e8vcs8._.js:776
[  234311ms] [LOG] [Fast Refresh] done in 120ms @ http://localhost:3001/_next/static/chunks/node_modules_next_dist_1e8vcs8._.js:776
[  243436ms] [LOG] [Fast Refresh] rebuilding @ http://localhost:3001/_next/static/chunks/node_modules_next_dist_1e8vcs8._.js:776
[  243478ms] [LOG] [Fast Refresh] done in 62ms @ http://localhost:3001/_next/static/chunks/node_modules_next_dist_1e8vcs8._.js:776
[  243510ms] [LOG] [Fast Refresh] done in 62ms @ http://localhost:3001/_next/static/chunks/node_modules_next_dist_1e8vcs8._.js:776
[  243586ms] [LOG] [Fast Refresh] done in 62ms @ http://localhost:3001/_next/static/chunks/node_modules_next_dist_1e8vcs8._.js:776
[  243667ms] [LOG] [Fast Refresh] done in 62ms @ http://localhost:3001/_next/static/chunks/node_modules_next_dist_1e8vcs8._.js:776
[  243728ms] [LOG] [Fast Refresh] done in 62ms @ http://localhost:3001/_next/static/chunks/node_modules_next_dist_1e8vcs8._.js:776
[  243800ms] [LOG] [Fast Refresh] done in 62ms @ http://localhost:3001/_next/static/chunks/node_modules_next_dist_1e8vcs8._.js:776
[  243851ms] [LOG] [Fast Refresh] done in 62ms @ http://localhost:3001/_next/static/chunks/node_modules_next_dist_1e8vcs8._.js:776
[  243917ms] [LOG] [Fast Refresh] done in 62ms @ http://localhost:3001/_next/static/chunks/node_modules_next_dist_1e8vcs8._.js:776
[  243983ms] [LOG] [Fast Refresh] done in 62ms @ http://localhost:3001/_next/static/chunks/node_modules_next_dist_1e8vcs8._.js:776
[  244045ms] [LOG] [Fast Refresh] done in 62ms @ http://localhost:3001/_next/static/chunks/node_modules_next_dist_1e8vcs8._.js:776
[  244119ms] [LOG] [Fast Refresh] done in 62ms @ http://localhost:3001/_next/static/chunks/node_modules_next_dist_1e8vcs8._.js:776
[  244178ms] [LOG] [Fast Refresh] done in 62ms @ http://localhost:3001/_next/static/chunks/node_modules_next_dist_1e8vcs8._.js:776
[  244249ms] [LOG] [Fast Refresh] done in 62ms @ http://localhost:3001/_next/static/chunks/node_modules_next_dist_1e8vcs8._.js:776
[  244318ms] [LOG] [Fast Refresh] done in 62ms @ http://localhost:3001/_next/static/chunks/node_modules_next_dist_1e8vcs8._.js:776
[  244377ms] [LOG] [Fast Refresh] done in 62ms @ http://localhost:3001/_next/static/chunks/node_modules_next_dist_1e8vcs8._.js:776
[  244450ms] [LOG] [Fast Refresh] done in 62ms @ http://localhost:3001/_next/static/chunks/node_modules_next_dist_1e8vcs8._.js:776
[  244511ms] [LOG] [Fast Refresh] done in 62ms @ http://localhost:3001/_next/static/chunks/node_modules_next_dist_1e8vcs8._.js:776
[  244583ms] [LOG] [Fast Refresh] done in 62ms @ http://localhost:3001/_next/static/chunks/node_modules_next_dist_1e8vcs8._.js:776
[  244645ms] [LOG] [Fast Refresh] done in 62ms @ http://localhost:3001/_next/static/chunks/node_modules_next_dist_1e8vcs8._.js:776
[  244712ms] [LOG] [Fast Refresh] done in 62ms @ http://localhost:3001/_next/static/chunks/node_modules_next_dist_1e8vcs8._.js:776
[  244783ms] [LOG] [Fast Refresh] done in 62ms @ http://localhost:3001/_next/static/chunks/node_modules_next_dist_1e8vcs8._.js:776
[  244850ms] [LOG] [Fast Refresh] done in 62ms @ http://localhost:3001/_next/static/chunks/node_modules_next_dist_1e8vcs8._.js:776
[  244919ms] [LOG] [Fast Refresh] done in 62ms @ http://localhost:3001/_next/static/chunks/node_modules_next_dist_1e8vcs8._.js:776
[  244984ms] [LOG] [Fast Refresh] done in 62ms @ http://localhost:3001/_next/static/chunks/node_modules_next_dist_1e8vcs8._.js:776
[  245046ms] [LOG] [Fast Refresh] done in 62ms @ http://localhost:3001/_next/static/chunks/node_modules_next_dist_1e8vcs8._.js:776
[  245117ms] [LOG] [Fast Refresh] done in 62ms @ http://localhost:3001/_next/static/chunks/node_modules_next_dist_1e8vcs8._.js:776
[  245178ms] [LOG] [Fast Refresh] done in 62ms @ http://localhost:3001/_next/static/chunks/node_modules_next_dist_1e8vcs8._.js:776
[  245244ms] [LOG] [Fast Refresh] done in 62ms @ http://localhost:3001/_next/static/chunks/node_modules_next_dist_1e8vcs8._.js:776
[  245316ms] [LOG] [Fast Refresh] done in 62ms @ http://localhost:3001/_next/static/chunks/node_modules_next_dist_1e8vcs8._.js:776
[  245385ms] [LOG] [Fast Refresh] done in 62ms @ http://localhost:3001/_next/static/chunks/node_modules_next_dist_1e8vcs8._.js:776
[  245449ms] [LOG] [Fast Refresh] done in 62ms @ http://localhost:3001/_next/static/chunks/node_modules_next_dist_1e8vcs8._.js:776
[  245518ms] [LOG] [Fast Refresh] done in 62ms @ http://localhost:3001/_next/static/chunks/node_modules_next_dist_1e8vcs8._.js:776
[  245583ms] [LOG] [Fast Refresh] done in 62ms @ http://localhost:3001/_next/static/chunks/node_modules_next_dist_1e8vcs8._.js:776
[  245645ms] [LOG] [Fast Refresh] done in 62ms @ http://localhost:3001/_next/static/chunks/node_modules_next_dist_1e8vcs8._.js:776
[  245715ms] [LOG] [Fast Refresh] done in 62ms @ http://localhost:3001/_next/static/chunks/node_modules_next_dist_1e8vcs8._.js:776
[  245781ms] [LOG] [Fast Refresh] done in 62ms @ http://localhost:3001/_next/static/chunks/node_modules_next_dist_1e8vcs8._.js:776
[  245851ms] [LOG] [Fast Refresh] done in 62ms @ http://localhost:3001/_next/static/chunks/node_modules_next_dist_1e8vcs8._.js:776
[  245911ms] [LOG] [Fast Refresh] done in 62ms @ http://localhost:3001/_next/static/chunks/node_modules_next_dist_1e8vcs8._.js:776
[  245979ms] [LOG] [Fast Refresh] done in 62ms @ http://localhost:3001/_next/static/chunks/node_modules_next_dist_1e8vcs8._.js:776
[  246047ms] [LOG] [Fast Refresh] done in 62ms @ http://localhost:3001/_next/static/chunks/node_modules_next_dist_1e8vcs8._.js:776
[  246119ms] [LOG] [Fast Refresh] done in 62ms @ http://localhost:3001/_next/static/chunks/node_modules_next_dist_1e8vcs8._.js:776
[  246178ms] [LOG] [Fast Refresh] done in 62ms @ http://localhost:3001/_next/static/chunks/node_modules_next_dist_1e8vcs8._.js:776
[  246232ms] [LOG] [Fast Refresh] done in 62ms @ http://localhost:3001/_next/static/chunks/node_modules_next_dist_1e8vcs8._.js:776
[  246284ms] [LOG] [Fast Refresh] done in 62ms @ http://localhost:3001/_next/static/chunks/node_modules_next_dist_1e8vcs8._.js:776
[  246350ms] [LOG] [Fast Refresh] done in 62ms @ http://localhost:3001/_next/static/chunks/node_modules_next_dist_1e8vcs8._.js:776
[  246414ms] [LOG] [Fast Refresh] done in 62ms @ http://localhost:3001/_next/static/chunks/node_modules_next_dist_1e8vcs8._.js:776
[  246478ms] [LOG] [Fast Refresh] done in 62ms @ http://localhost:3001/_next/static/chunks/node_modules_next_dist_1e8vcs8._.js:776
[  246545ms] [LOG] [Fast Refresh] done in 62ms @ http://localhost:3001/_next/static/chunks/node_modules_next_dist_1e8vcs8._.js:776
[  246615ms] [LOG] [Fast Refresh] done in 62ms @ http://localhost:3001/_next/static/chunks/node_modules_next_dist_1e8vcs8._.js:776
[  246678ms] [LOG] [Fast Refresh] done in 62ms @ http://localhost:3001/_next/static/chunks/node_modules_next_dist_1e8vcs8._.js:776
[  246744ms] [LOG] [Fast Refresh] done in 62ms @ http://localhost:3001/_next/static/chunks/node_modules_next_dist_1e8vcs8._.js:776
[  246815ms] [LOG] [Fast Refresh] done in 62ms @ http://localhost:3001/_next/static/chunks/node_modules_next_dist_1e8vcs8._.js:776
[  246866ms] [LOG] [Fast Refresh] done in 62ms @ http://localhost:3001/_next/static/chunks/node_modules_next_dist_1e8vcs8._.js:776
[  246913ms] [LOG] [Fast Refresh] done in 62ms @ http://localhost:3001/_next/static/chunks/node_modules_next_dist_1e8vcs8._.js:776
[  246984ms] [LOG] [Fast Refresh] done in 62ms @ http://localhost:3001/_next/static/chunks/node_modules_next_dist_1e8vcs8._.js:776
[  247049ms] [LOG] [Fast Refresh] done in 62ms @ http://localhost:3001/_next/static/chunks/node_modules_next_dist_1e8vcs8._.js:776
[  247111ms] [LOG] [Fast Refresh] done in 62ms @ http://localhost:3001/_next/static/chunks/node_modules_next_dist_1e8vcs8._.js:776
[  247182ms] [LOG] [Fast Refresh] done in 62ms @ http://localhost:3001/_next/static/chunks/node_modules_next_dist_1e8vcs8._.js:776
[  247244ms] [LOG] [Fast Refresh] done in 62ms @ http://localhost:3001/_next/static/chunks/node_modules_next_dist_1e8vcs8._.js:776
[  247312ms] [LOG] [Fast Refresh] done in 62ms @ http://localhost:3001/_next/static/chunks/node_modules_next_dist_1e8vcs8._.js:776
[  247365ms] [LOG] [Fast Refresh] done in 62ms @ http://localhost:3001/_next/static/chunks/node_modules_next_dist_1e8vcs8._.js:776
[  247431ms] [LOG] [Fast Refresh] done in 62ms @ http://localhost:3001/_next/static/chunks/node_modules_next_dist_1e8vcs8._.js:776
[  247500ms] [LOG] [Fast Refresh] done in 62ms @ http://localhost:3001/_next/static/chunks/node_modules_next_dist_1e8vcs8._.js:776
[  247561ms] [LOG] [Fast Refresh] done in 62ms @ http://localhost:3001/_next/static/chunks/node_modules_next_dist_1e8vcs8._.js:776
[  247631ms] [LOG] [Fast Refresh] done in 62ms @ http://localhost:3001/_next/static/chunks/node_modules_next_dist_1e8vcs8._.js:776
[  247695ms] [LOG] [Fast Refresh] done in 62ms @ http://localhost:3001/_next/static/chunks/node_modules_next_dist_1e8vcs8._.js:776
[  247760ms] [LOG] [Fast Refresh] done in 62ms @ http://localhost:3001/_next/static/chunks/node_modules_next_dist_1e8vcs8._.js:776
[  247831ms] [LOG] [Fast Refresh] done in 62ms @ http://localhost:3001/_next/static/chunks/node_modules_next_dist_1e8vcs8._.js:776
[  247895ms] [LOG] [Fast Refresh] done in 62ms @ http://localhost:3001/_next/static/chunks/node_modules_next_dist_1e8vcs8._.js:776
[  247964ms] [LOG] [Fast Refresh] done in 62ms @ http://localhost:3001/_next/static/chunks/node_modules_next_dist_1e8vcs8._.js:776
[  248031ms] [LOG] [Fast Refresh] done in 62ms @ http://localhost:3001/_next/static/chunks/node_modules_next_dist_1e8vcs8._.js:776
[  248093ms] [LOG] [Fast Refresh] done in 62ms @ http://localhost:3001/_next/static/chunks/node_modules_next_dist_1e8vcs8._.js:776
[  248163ms] [LOG] [Fast Refresh] done in 62ms @ http://localhost:3001/_next/static/chunks/node_modules_next_dist_1e8vcs8._.js:776
[  248228ms] [LOG] [Fast Refresh] done in 62ms @ http://localhost:3001/_next/static/chunks/node_modules_next_dist_1e8vcs8._.js:776
[  248280ms] [LOG] [Fast Refresh] done in 62ms @ http://localhost:3001/_next/static/chunks/node_modules_next_dist_1e8vcs8._.js:776
[  248350ms] [LOG] [Fast Refresh] done in 62ms @ http://localhost:3001/_next/static/chunks/node_modules_next_dist_1e8vcs8._.js:776
[  248414ms] [LOG] [Fast Refresh] done in 62ms @ http://localhost:3001/_next/static/chunks/node_modules_next_dist_1e8vcs8._.js:776
[  248483ms] [LOG] [Fast Refresh] done in 62ms @ http://localhost:3001/_next/static/chunks/node_modules_next_dist_1e8vcs8._.js:776
[  248550ms] [LOG] [Fast Refresh] done in 62ms @ http://localhost:3001/_next/static/chunks/node_modules_next_dist_1e8vcs8._.js:776
[  248616ms] [LOG] [Fast Refresh] done in 62ms @ http://localhost:3001/_next/static/chunks/node_modules_next_dist_1e8vcs8._.js:776
[  248677ms] [LOG] [Fast Refresh] done in 62ms @ http://localhost:3001/_next/static/chunks/node_modules_next_dist_1e8vcs8._.js:776
[  248747ms] [LOG] [Fast Refresh] done in 62ms @ http://localhost:3001/_next/static/chunks/node_modules_next_dist_1e8vcs8._.js:776
[  248815ms] [LOG] [Fast Refresh] done in 62ms @ http://localhost:3001/_next/static/chunks/node_modules_next_dist_1e8vcs8._.js:776
[  248881ms] [LOG] [Fast Refresh] done in 62ms @ http://localhost:3001/_next/static/chunks/node_modules_next_dist_1e8vcs8._.js:776
[  248951ms] [LOG] [Fast Refresh] done in 62ms @ http://localhost:3001/_next/static/chunks/node_modules_next_dist_1e8vcs8._.js:776
[  249011ms] [LOG] [Fast Refresh] done in 62ms @ http://localhost:3001/_next/static/chunks/node_modules_next_dist_1e8vcs8._.js:776
[  249065ms] [LOG] [Fast Refresh] done in 62ms @ http://localhost:3001/_next/static/chunks/node_modules_next_dist_1e8vcs8._.js:776
[  249117ms] [LOG] [Fast Refresh] done in 62ms @ http://localhost:3001/_next/static/chunks/node_modules_next_dist_1e8vcs8._.js:776
[  249180ms] [LOG] [Fast Refresh] done in 62ms @ http://localhost:3001/_next/static/chunks/node_modules_next_dist_1e8vcs8._.js:776
[  249244ms] [LOG] [Fast Refresh] done in 62ms @ http://localhost:3001/_next/static/chunks/node_modules_next_dist_1e8vcs8._.js:776
[  249315ms] [LOG] [Fast Refresh] done in 62ms @ http://localhost:3001/_next/static/chunks/node_modules_next_dist_1e8vcs8._.js:776
[  249378ms] [LOG] [Fast Refresh] done in 62ms @ http://localhost:3001/_next/static/chunks/node_modules_next_dist_1e8vcs8._.js:776
[  249448ms] [LOG] [Fast Refresh] done in 62ms @ http://localhost:3001/_next/static/chunks/node_modules_next_dist_1e8vcs8._.js:776
[  249514ms] [LOG] [Fast Refresh] done in 62ms @ http://localhost:3001/_next/static/chunks/node_modules_next_dist_1e8vcs8._.js:776
[  249577ms] [LOG] [Fast Refresh] done in 62ms @ http://localhost:3001/_next/static/chunks/node_modules_next_dist_1e8vcs8._.js:776
[  249643ms] [LOG] [Fast Refresh] done in 62ms @ http://localhost:3001/_next/static/chunks/node_modules_next_dist_1e8vcs8._.js:776
[  249713ms] [LOG] [Fast Refresh] done in 62ms @ http://localhost:3001/_next/static/chunks/node_modules_next_dist_1e8vcs8._.js:776
[  249777ms] [LOG] [Fast Refresh] done in 62ms @ http://localhost:3001/_next/static/chunks/node_modules_next_dist_1e8vcs8._.js:776
[  249848ms] [LOG] [Fast Refresh] done in 62ms @ http://localhost:3001/_next/static/chunks/node_modules_next_dist_1e8vcs8._.js:776
[  249914ms] [LOG] [Fast Refresh] done in 62ms @ http://localhost:3001/_next/static/chunks/node_modules_next_dist_1e8vcs8._.js:776
[  249977ms] [LOG] [Fast Refresh] done in 62ms @ http://localhost:3001/_next/static/chunks/node_modules_next_dist_1e8vcs8._.js:776
[  250028ms] [LOG] [Fast Refresh] done in 62ms @ http://localhost:3001/_next/static/chunks/node_modules_next_dist_1e8vcs8._.js:776
[  250098ms] [LOG] [Fast Refresh] done in 62ms @ http://localhost:3001/_next/static/chunks/node_modules_next_dist_1e8vcs8._.js:776
[  250164ms] [LOG] [Fast Refresh] done in 62ms @ http://localhost:3001/_next/static/chunks/node_modules_next_dist_1e8vcs8._.js:776
[  250234ms] [LOG] [Fast Refresh] done in 62ms @ http://localhost:3001/_next/static/chunks/node_modules_next_dist_1e8vcs8._.js:776
[  250328ms] [LOG] [Fast Refresh] done in 62ms @ http://localhost:3001/_next/static/chunks/node_modules_next_dist_1e8vcs8._.js:776
[  250549ms] [LOG] [Fast Refresh] rebuilding @ http://localhost:3001/_next/static/chunks/node_modules_next_dist_1e8vcs8._.js:776
[  250726ms] [LOG] [Fast Refresh] done in 294ms @ http://localhost:3001/_next/static/chunks/node_modules_next_dist_1e8vcs8._.js:776
